Page ascore,Source title,Source url,Target url,Anchor,External links,Internal links,Nofollow,Sponsored,Ugc,Text,Frame,Form,Image,Sitewide,First seen,Last seen,New link,Lost link
23,Book+of+Mercy - Yahoo-hakutulokset,https://fi.search.yahoo.com/mobile/s?b=120&ei=UTF-8&pz=7&q=Book%2Bof%2BMercy&xargs=0,https://www.floresfencecompany.com/,"www.floresfencecompany.com Flores Fence Company | Fence Installation & Repair in Chicago , IL ...",10,22,false,false,false,true,false,false,false,false,2026-01-29,2026-01-29,false,false
23,Yavane - Yahoo Recherche - Actualités,https://qc.search.yahoo.com/mobile/s?age=1d&ei=UTF-8&p=Yavane,https://www.floresfencecompany.com/,www.floresfencecompany.com Flores Fence Company | Fence Installation & Repair in Chicago ...,7,26,false,false,false,true,false,false,false,false,2026-01-24,2026-01-24,false,false
22,"Flores Fence, Chicago, IL - Reviews (97), Photos (18) - BestProsInTown",https://www.bestprosintown.com/il/melrose-park/flores-fence-inc-/,https://www.floresfencecompany.com/,Website,4,17,true,false,false,true,false,false,false,false,2025-08-24,2026-04-11,false,false
17,Flores Fence - Nextdoor,https://nextdoor.com/pages/flores-fence-inc/,http://floresfencecompany.com/,floresfencecompany.com,2,40,false,false,false,true,false,false,false,false,2025-06-27,2026-01-22,false,true
17,"Flores Fence - Melrose Park, IL - Nextdoor",https://nextdoor.com/pages/flores-fence-melrose-park-il/,http://floresfencecompany.com/,floresfencecompany.com,2,43,false,false,false,true,false,false,false,false,2025-05-11,2026-01-17,false,true
17,"Flores Fence - Melrose Park, IL - Nextdoor",https://us.nextdoor.com/pages/flores-fence-melrose-park-il/,http://floresfencecompany.com/,floresfencecompany.com,2,38,false,false,false,true,false,false,false,false,2025-10-29,2026-01-14,false,true
14,"Best 30 Fence Sales Service Contractors in Chicago, IL with Reviews | The Real Yellow Pages®",https://www.yellowpages.com/chicago-il/fence-sales-service-contractors,https://www.floresfencecompany.com/,Website,34,243,true,false,false,true,false,false,false,false,2026-01-02,2026-01-02,false,false
14,"Best 30 Fence Wholesale Manufacturers in Chicago, IL with Reviews | The Real Yellow Pages®",https://www.yellowpages.com/chicago-il/fence-wholesale-manufacturers,https://www.floresfencecompany.com/,Website,31,237,true,false,false,true,false,false,false,false,2025-06-07,2026-05-18,false,false
14,"Best 7 Vinyl Fences in Chicago, IL with Reviews | The Real Yellow Pages®",https://www.yellowpages.com/chicago-il/vinyl-fences,https://www.floresfencecompany.com/,Website,14,249,true,false,false,true,false,false,false,false,2025-08-09,2026-01-05,false,false
10,"FLORES FENCE - Chicago IL - Hours, Directions, Reviews - Loc8NearMe",https://www.loc8nearme.com/illinois/chicago/flores-fence-inc/6689233/,https://www.floresfencecompany.com/,Website,3,30,true,false,false,true,false,false,false,false,2025-03-26,2026-04-11,false,false
9,"17 Best Chicago, IL Fence Companies | Expertise.com",https://www.expertise.com/home-improvement/fence-companies/illinois/chicago,https://floresfencecompany.com/,Visit Website,60,198,false,false,false,true,false,false,false,false,2025-05-31,2026-05-19,false,false
9,"16 Best Naperville, IL Fence Companies | Expertise.com",https://www.expertise.com/home-improvement/fence-companies/illinois/naperville,https://www.floresfencecompany.com/,Visit Website,56,197,false,false,false,true,false,false,false,false,2025-02-22,2026-05-02,false,false
8,"Best 25 Fence Repair in Chicago, IL | superpages.com",https://www.superpages.com/chicago-il/fence-repair,https://www.floresfencecompany.com/,Visit Website,30,109,true,false,false,true,false,false,false,false,2026-02-01,2026-02-01,false,false
7,"Top 7 Vinyl Fences in Braidwood, IL | DexKnows.com",https://www.dexknows.com/braidwood-il/vinyl-fences,https://www.floresfencecompany.com/,Icon - external link Visit Website,16,52,true,false,false,false,false,false,true,false,2026-02-11,2026-02-11,false,false
5,"Flores Fence Inc - General Contractors - Berwyn, Illinois | Kukun",https://mykukun.com/contractor/profile/Flores-Fence-Inc-201911,http://floresfencecompany.com/,http://floresfencecompany.com,9,167,true,false,false,true,false,false,false,false,2025-02-01,2026-01-03,false,true
4,"Flores Fence Inc: Fences pros in Melrose Park, IL | AI-Powered Home Services Pro",https://thebuildermarket.com/pros/flores-fence-inc-f22d4c,http://floresfencecompany.com/,View website,10,74,true,false,false,true,false,false,false,false,2025-10-06,2025-12-23,false,false
3,seo domain research,http://knows.sbs/domain/domain/part/88098,https://floresfencecompany.com/,floresfencecompany.com,5041,3,true,false,false,true,false,false,false,false,2026-01-16,2026-02-14,false,false
3,seo domain research,http://takes.sbs/domain/domain/part/88098,https://floresfencecompany.com/,floresfencecompany.com,4252,3,true,false,false,true,false,false,false,false,2026-01-16,2026-05-13,false,false
3,seo domain research,http://wants.cfd/domain/domain/part/88098,https://floresfencecompany.com/,floresfencecompany.com,5041,3,true,false,false,true,false,false,false,false,2026-01-15,2026-03-04,false,false
2,4 Best Fencing Contractors In Chicago (2026),https://www.bestinhood.com/chicago/garden-and-outdoor/best-fencing-contractors-in-chicago/,https://www.floresfencecompany.com/,Website,12,31,true,false,false,true,false,false,false,false,2025-09-26,2026-05-27,false,false
1,Vendor Guide | The Everett Group,https://www.theeverettgroup.com/vendor-guide,https://www.floresfencecompany.com/,Flores Fence,103,9,false,false,false,true,false,false,false,false,2025-11-16,2026-02-05,false,false
0,Where to buy 🚀 aged domains and backlinks 🔥 from corrector.in| 4349-6402,http://corrector.in/page-4349afc64abf022e295f2d165bb0a169.html,http://floresfencecompany.com/,floresfencecompany.com,10159,12,false,false,false,true,false,false,false,false,2026-02-16,2026-03-13,false,true
0,Fence Cricket 101 Cricket Teams Cricket News,http://cricket101.com/Fence,https://www.floresfencecompany.com/,"Flores Fence Company | Fence Installation & Repair in Chicago, IL ...",121,153,false,false,false,true,false,false,false,false,2026-01-25,2026-02-05,false,true
0,Directory Pages Index,http://goooogla.com/best-for-ranking-uxjsksseo/labhycseo/,https://floresfencecompany.com/,https://floresfencecompany.com/,9999,1,true,false,false,true,false,false,false,false,2026-04-25,2026-05-31,false,false
0,Where to buy 🚀 aged domains and backlinks 🔥 from mp3fresh.net| 4349-6402,http://mp3fresh.net/page-4349afc64abf022e295f2d165bb0a169.html,http://floresfencecompany.com/,floresfencecompany.com,10159,12,false,false,false,true,false,false,false,false,2026-02-12,2026-02-12,false,false
0,Where to buy 🚀 aged domains and backlinks 🔥 from tyres.pro| 4349-6402,http://tyres.pro/page-4349afc64abf022e295f2d165bb0a169.html,http://floresfencecompany.com/,floresfencecompany.com,10159,12,false,false,false,true,false,false,false,false,2026-02-12,2026-02-12,false,false
0,Where to buy 🚀 aged domains and backlinks 🔥 from webrankindia.com| 4349-6402,http://webrankindia.com/page-4349afc64abf022e295f2d165bb0a169.html,http://floresfencecompany.com/,floresfencecompany.com,10159,12,false,false,false,true,false,false,false,false,2026-02-17,2026-03-30,false,true
0,Fence Cricket 101 Cricket Teams Cricket News,http://www.cricket101.com/Fence,https://www.floresfencecompany.com/,"Flores Fence Company | Fence Installation & Repair in Chicago, IL ...",121,153,false,false,false,true,false,false,false,false,2026-01-06,2026-02-02,false,true
0,Where to buy 🚀 aged domains and backlinks 🔥 from www.gamerkun.com| 4349-6402,http://www.gamerkun.com/page-4349afc64abf022e295f2d165bb0a169.html,http://floresfencecompany.com/,floresfencecompany.com,10158,12,false,false,false,true,false,false,false,false,2026-05-23,2026-05-31,true,false
0,Where to buy 🚀 aged domains and backlinks 🔥 from www.getonline.co.in| 4349-6402,http://www.getonline.co.in/page-4349afc64abf022e295f2d165bb0a169.html,http://floresfencecompany.com/,floresfencecompany.com,10158,12,false,false,false,true,false,false,false,false,2026-03-15,2026-05-27,false,false
0,Where to buy 🚀 aged domains and backlinks 🔥 from www.hebagh.cv| 4349-6402,http://www.hebagh.cv/page-4349afc64abf022e295f2d165bb0a169.html,http://floresfencecompany.com/,floresfencecompany.com,10158,12,false,false,false,true,false,false,false,false,2026-05-16,2026-05-25,true,false
0,Where to buy 🚀 aged domains and backlinks 🔥 from www.homefinance.co.in| 4349-6402,http://www.homefinance.co.in/page-4349afc64abf022e295f2d165bb0a169.html,http://floresfencecompany.com/,floresfencecompany.com,10158,12,false,false,false,true,false,false,false,false,2026-03-17,2026-05-22,false,false
0,seo domain research,http://www.knows.monster/domain/domain/part/88098,https://floresfencecompany.com/,floresfencecompany.com,4252,3,true,false,false,true,false,false,false,false,2026-01-19,2026-05-10,false,false
0,Where to buy 🚀 aged domains and backlinks 🔥 from www.linksnatcher.art| 4349-6402,http://www.linksnatcher.art/page-4349afc64abf022e295f2d165bb0a169.html,http://floresfencecompany.com/,floresfencecompany.com,10158,12,false,false,false,true,false,false,false,false,2026-04-20,2026-05-30,false,false
0,Where to buy 🚀 aged domains and backlinks 🔥 from www.mp3fresh.net| 4349-6402,http://www.mp3fresh.net/page-4349afc64abf022e295f2d165bb0a169.html,http://floresfencecompany.com/,floresfencecompany.com,10158,12,false,false,false,true,false,false,false,false,2026-04-20,2026-06-01,false,false
0,Where to buy 🚀 aged domains and backlinks 🔥 from www.prashikshan.in| 4349-6402,http://www.prashikshan.in/page-4349afc64abf022e295f2d165bb0a169.html,http://floresfencecompany.com/,floresfencecompany.com,10158,12,false,false,false,true,false,false,false,false,2026-03-31,2026-06-01,false,false
0,Where to buy 🚀 aged domains and backlinks 🔥 from www.preparation.co.in| 4349-6402,http://www.preparation.co.in/page-4349afc64abf022e295f2d165bb0a169.html,http://floresfencecompany.com/,floresfencecompany.com,10158,12,false,false,false,true,false,false,false,false,2026-03-25,2026-05-21,false,false
0,Where to buy 🚀 aged domains and backlinks 🔥 from www.queries.co.in| 4349-6402,http://www.queries.co.in/page-4349afc64abf022e295f2d165bb0a169.html,http://floresfencecompany.com/,floresfencecompany.com,10159,12,false,false,false,true,false,false,false,false,2026-03-14,2026-04-19,false,false
0,Where to buy 🚀 aged domains and backlinks 🔥 from www.taxies.biz| 4349-6402,http://www.taxies.biz/page-4349afc64abf022e295f2d165bb0a169.html,http://floresfencecompany.com/,floresfencecompany.com,10158,12,false,false,false,true,false,false,false,false,2026-04-10,2026-05-28,false,false
0,Where to buy 🚀 aged domains and backlinks 🔥 from www.theface.in| 4349-6402,http://www.theface.in/page-4349afc64abf022e295f2d165bb0a169.html,http://floresfencecompany.com/,floresfencecompany.com,10158,12,false,false,false,true,false,false,false,false,2026-03-15,2026-05-16,false,false
0,Where to buy 🚀 aged domains and backlinks 🔥 from www.themumbai.in| 4349-6402,http://www.themumbai.in/page-4349afc64abf022e295f2d165bb0a169.html,http://floresfencecompany.com/,floresfencecompany.com,10158,12,false,false,false,true,false,false,false,false,2026-05-25,2026-05-25,true,false
0,Where to buy 🚀 aged domains and backlinks 🔥 from www.thirty.co.in| 4349-6402,http://www.thirty.co.in/page-4349afc64abf022e295f2d165bb0a169.html,http://floresfencecompany.com/,floresfencecompany.com,10158,12,false,false,false,true,false,false,false,false,2026-03-23,2026-05-29,false,false
0,Where to buy 🚀 aged domains and backlinks 🔥 from www.tyre.pro| 4349-6402,http://www.tyre.pro/page-4349afc64abf022e295f2d165bb0a169.html,http://floresfencecompany.com/,floresfencecompany.com,10158,12,false,false,false,true,false,false,false,false,2026-04-20,2026-05-30,false,false
0,Where to buy 🚀 aged domains and backlinks 🔥 from www.tyres.pro| 4349-6402,http://www.tyres.pro/page-4349afc64abf022e295f2d165bb0a169.html,http://floresfencecompany.com/,floresfencecompany.com,10158,12,false,false,false,true,false,false,false,false,2026-04-15,2026-05-27,false,false
0,Where to buy 🚀 aged domains and backlinks 🔥 from www.uaewebdirectory.info| 4349-6402,http://www.uaewebdirectory.info/page-4349afc64abf022e295f2d165bb0a169.html,http://floresfencecompany.com/,floresfencecompany.com,10158,12,false,false,false,true,false,false,false,false,2026-04-13,2026-06-01,false,false
0,seo domain research,http://www.wants.cfd/domain/domain/part/88098,https://floresfencecompany.com/,floresfencecompany.com,4252,3,true,false,false,true,false,false,false,false,2026-05-11,2026-05-11,true,false
0,Where to buy 🚀 aged domains and backlinks 🔥 from www.way2check.art| 4349-6402,http://www.way2check.art/page-4349afc64abf022e295f2d165bb0a169.html,http://floresfencecompany.com/,floresfencecompany.com,10158,12,false,false,false,true,false,false,false,false,2026-03-21,2026-06-02,false,false
0,Where to buy 🚀 aged domains and backlinks 🔥 from www.webworthchecker.cv| 4349-6402,http://www.webworthchecker.cv/page-4349afc64abf022e295f2d165bb0a169.html,http://floresfencecompany.com/,floresfencecompany.com,10158,12,false,false,false,true,false,false,false,false,2026-05-16,2026-06-05,true,false
0,Where to buy 🚀 aged domains and backlinks 🔥 from www.yesdomains.space| 4349-6402,http://www.yesdomains.space/page-4349afc64abf022e295f2d165bb0a169.html,http://floresfencecompany.com/,floresfencecompany.com,10159,12,false,false,false,true,false,false,false,false,2026-03-17,2026-04-19,false,false
0,Where to buy 🚀 aged domains and backlinks 🔥 from www.youtoo.in| 4349-6402,http://www.youtoo.in/page-4349afc64abf022e295f2d165bb0a169.html,http://floresfencecompany.com/,floresfencecompany.com,10158,12,false,false,false,true,false,false,false,false,2026-05-31,2026-05-31,true,false
0,Where to buy 🚀 aged domains and backlinks 🔥 from all-aged-domains | 4349-6402,https://2x9.co/page-4349afc64abf022e295f2d165bb0a169.html,https://floresfencecompany.com/,floresfencecompany.com,10158,12,false,false,false,true,false,false,false,false,2025-12-06,2026-03-05,false,false
0,Where to buy 🚀 aged domains and backlinks 🔥 from all-aged-domains | 4349-6402,https://5913231.cc/page-4349afc64abf022e295f2d165bb0a169.html,https://floresfencecompany.com/,floresfencecompany.com,10158,12,false,false,false,true,false,false,false,false,2025-12-26,2026-02-28,false,true
0,"Des Plaines, IL: Any recommendations for fencing company?",https://advice.town/des-plaines-illinois/2702/Any-recommendations-for-fencing-company,https://www.floresfencecompany.com/,https://www.floresfencecompany.com,1,108,true,false,false,true,false,false,false,false,2025-10-20,2026-05-30,false,false
0,Where to buy 🚀 aged domains and backlinks 🔥 from all-aged-domains | 4349-6402,https://all-aged-domains.com/page-4349afc64abf022e295f2d165bb0a169.html,https://floresfencecompany.com/,floresfencecompany.com,10157,14,false,false,false,true,false,false,false,false,2025-01-24,2026-05-25,false,false
0,Where to buy 🚀 aged domains and backlinks 🔥 | 5896-1582,https://alljobs.info/5b896f1f582f6738778997fe4663b0a4-l/,https://floresfencecompany.com/,floresfencecompany.com,9002,12,false,false,false,true,false,false,false,false,2026-05-16,2026-05-16,true,false
0,Where to buy 🚀 aged domains and backlinks 🔥 from alltopleveldomains.space| 4349-6402,https://alltopleveldomains.space/page-4349afc64abf022e295f2d165bb0a169.html,http://floresfencecompany.com/,floresfencecompany.com,10158,12,false,false,false,true,false,false,false,false,2026-02-08,2026-02-08,false,false
0,Where to buy 🚀 aged domains and backlinks 🔥 from allwebsitesdirectory.com | 4349-6402,https://allwebsitesdirectory.com/page-4349afc64abf022e295f2d165bb0a169.html,https://floresfencecompany.com/,floresfencecompany.com,10158,13,false,false,false,true,false,false,false,false,2026-01-08,2026-05-15,false,false
0,✅ Website Stats 📊,https://analyticshaven.top/stats/118429,https://floresfencecompany.com/,floresfencecompany.com,3500,21,true,false,false,true,false,false,false,false,2026-03-02,2026-03-02,false,false
0,Where to buy 🚀 aged domains and backlinks 🔥 from JobsApp | 5896-1582,https://australianwebdirectory.pro/5b896f1f582f6738778997fe4663b0a4-l/,https://floresfencecompany.com/,floresfencecompany.com,9000,14,false,false,false,true,false,false,false,false,2025-08-16,2025-12-22,false,true
0,Where to buy 🚀 aged domains and backlinks 🔥 from all-aged-domains | 4349-6402,https://australianwebdirectory.shop/page-4349afc64abf022e295f2d165bb0a169.html,https://floresfencecompany.com/,floresfencecompany.com,10158,13,false,false,false,true,false,false,false,false,2025-06-22,2026-03-05,false,false
0,"Flores Fence Company - Fence contractor in Chicago, IL | Reviews & Ratings",https://benable.com/biz/flores-fence-company,https://www.floresfencecompany.com/,floresfencecompany.com,5,2,true,false,false,true,false,false,false,false,2026-03-17,2026-05-25,false,false
0,Flores Fence - Fence Contractors Near Me,https://besttownfencepros.com/dt_listing/flores-fence-2/,https://www.floresfencecompany.com/,Click to Visit Website,8,13,false,false,false,true,false,false,false,false,2025-10-18,2026-05-24,false,false
0,Flores Fence - Fence Contractors Near Me,https://besttownfencepros.com/dt_listing/flores-fence-3/,https://www.floresfencecompany.com/,Click to Visit Website,8,13,false,false,false,true,false,false,false,false,2025-10-18,2026-05-08,false,false
0,Flores Fence - Fence Contractors Near Me,https://besttownfencepros.com/dt_listing/flores-fence-4/,https://www.floresfencecompany.com/,Click to Visit Website,8,14,false,false,false,true,false,false,false,false,2025-10-18,2026-04-12,false,false
0,Flores Fence Inc. - Fence Contractors Near Me,https://besttownfencepros.com/dt_listing/flores-fence-inc/,http://floresfencecompany.com/,Click to Visit Website,8,13,false,false,false,true,false,false,false,false,2025-10-03,2026-06-02,false,false
0,Where to buy 🚀 aged domains and backlinks 🔥 from bestwebstats.com | 4349-6402,https://bestwebstats.com/page-4349afc64abf022e295f2d165bb0a169.html,https://floresfencecompany.com/,floresfencecompany.com,10158,13,false,false,false,true,false,false,false,false,2026-03-08,2026-05-31,false,false
0,Where to buy 🚀 aged domains and backlinks 🔥 | 5896-1582,https://blacksonwhites.com/5b896f1f582f6738778997fe4663b0a4-l/,https://floresfencecompany.com/,floresfencecompany.com,9001,12,false,false,false,true,false,false,false,false,2026-02-06,2026-02-06,false,false
0,seo domain research,https://blinks.monster/domain/domain/part/88098,https://floresfencecompany.com/,floresfencecompany.com,1981,3,true,false,false,true,false,false,false,false,2025-12-10,2026-04-24,false,false
0,seo domain research,https://blinks.monster/domain/domain/part/88098/lan/ar,https://floresfencecompany.com/,floresfencecompany.com,4252,3,true,false,false,true,false,false,false,false,2026-05-16,2026-05-16,true,false
0,seo domain research,https://blinks.sbs/domain/domain/part/88098,https://floresfencecompany.com/,floresfencecompany.com,1981,3,true,false,false,true,false,false,false,false,2026-01-23,2026-04-26,false,false
0,✅ Website Stats 📊,https://blogsphere.top/stats/118429,https://floresfencecompany.com/,floresfencecompany.com,3500,21,true,false,false,true,false,false,false,false,2026-01-17,2026-01-17,false,false
0,Where to buy 🚀 aged domains and backlinks 🔥 from booksreadr.org| 4349-6402,https://booksreadr.org/page-4349afc64abf022e295f2d165bb0a169.html,https://floresfencecompany.com/,floresfencecompany.com,10159,12,false,false,false,true,false,false,false,false,2025-12-18,2026-05-04,false,false
0,❤️ URL Shared ❤️,https://buzzshrink.website/share/118428,https://floresfencecompany.com/,floresfencecompany.com,3500,21,true,false,false,true,false,false,false,false,2026-02-26,2026-02-26,false,false
0,👲 Domain Report 👲,https://byteshort.xyz/report/118429,https://floresfencecompany.com/,floresfencecompany.com,3500,21,true,false,false,true,false,false,false,false,2026-05-29,2026-05-29,true,false
0,Where to buy 🚀 aged domains and backlinks 🔥 from carplz.com| 4349-6402,https://carplz.com/page-4349afc64abf022e295f2d165bb0a169.html,http://floresfencecompany.com/,floresfencecompany.com,10159,12,false,false,false,true,false,false,false,false,2026-02-13,2026-02-13,false,false
0,"Flores Fence- Fence Companies in Chicago, IL",https://contractorsnearme.ai/il/chicago/flores-fence,https://www.floresfencecompany.com/,Visit Website →,1,36,false,false,false,true,false,false,false,false,2026-03-08,2026-04-27,false,false
0,✅ Website Stats 📊,https://creativeposts.top/stats/118428,https://floresfencecompany.com/,floresfencecompany.com,3500,21,true,false,false,true,false,false,false,false,2026-03-31,2026-03-31,false,false
0,✅ Website Stats 📊,https://dailymusings.top/stats/118429,https://floresfencecompany.com/,floresfencecompany.com,3500,21,true,false,false,true,false,false,false,false,2026-05-29,2026-05-29,true,false
0,Where to buy 🚀 aged domains and backlinks 🔥 from domain.com.lc | 4349-6402,https://domain.com.lc/page-4349afc64abf022e295f2d165bb0a169.html,https://floresfencecompany.com/,floresfencecompany.com,10158,13,false,false,false,true,false,false,false,false,2026-04-25,2026-05-24,false,false
0,Where to buy 🚀 aged domains and backlinks 🔥 from domainanalysis.org | 4349-6402,https://domainanalysis.org/page-4349afc64abf022e295f2d165bb0a169.html,https://floresfencecompany.com/,floresfencecompany.com,10158,13,false,false,false,true,false,false,false,false,2026-03-07,2026-06-01,false,false
0,Domains on ip 199.180.140.11,https://domains-test.tntcode.com/ip/199.180.140.11,https://floresfencecompany.com/,,5016,5017,true,false,false,true,false,false,false,false,2026-02-22,2026-02-22,false,false
0,Where to buy 🚀 aged domains and backlinks 🔥 from domainsc.com | 4349-6402,https://domainsc.com/page-4349afc64abf022e295f2d165bb0a169.html,https://floresfencecompany.com/,floresfencecompany.com,10158,13,false,false,false,true,false,false,false,false,2026-03-24,2026-05-28,false,false
0,👲 Domain Report 👲,https://drjack.world/report/118428,https://floresfencecompany.com/,floresfencecompany.com,3500,21,true,false,false,true,false,false,false,false,2026-05-20,2026-05-20,true,false
0,👲 Domain Report 👲,https://drjack.world/report/118429,https://floresfencecompany.com/,floresfencecompany.com,3500,21,true,false,false,true,false,false,false,false,2026-01-11,2026-05-21,false,false
0,WEB DIRECTORY,https://echoz.pages.dev/03/JUwYoXBqZR,https://floresfencecompany.com/,floresfencecompany.com,10003,1,true,false,false,true,false,false,false,false,2025-09-20,2026-05-29,false,false
0,Flores Fence | Fence contractor in IN | EdgeLocal,https://edge-local.com/directory/10000295612,https://www.floresfencecompany.com/,floresfencecompany.com,3,144,true,false,false,true,false,false,false,false,2026-04-23,2026-04-23,false,false
0,Flores Fence | Fence contractor in IN | EdgeLocal,https://edge-local.com/directory/10000295612,https://www.floresfencecompany.com/,Website,3,144,true,false,false,true,false,false,false,false,2026-04-23,2026-04-23,false,false
0,Where to buy 🚀 aged domains and backlinks 🔥 from egyptiandirectory.com | 4349-6402,https://egyptiandirectory.com/page-4349afc64abf022e295f2d165bb0a169.html,https://floresfencecompany.com/,floresfencecompany.com,10158,12,false,false,false,true,false,false,false,false,2026-03-31,2026-04-08,false,false
0,Directory Pages Index,https://factmags.com/laoadaiseo/eseyesa-best-seo-service/,https://floresfencecompany.com/,https://floresfencecompany.com/,9000,0,true,false,false,true,false,false,false,false,2026-02-20,2026-06-02,false,false
0,"Flores Fence — Fence Installation in Chicago, IL | Fence Contractor Pros",https://fencecontractorpros.com/contractors/flores-fence-chicago,https://www.floresfencecompany.com/,Visit Website,1,37,true,false,true,true,false,false,false,false,2026-03-13,2026-05-18,false,false
0,"Fence Contractors in Chicago, Illinois | Fence Contractor Pros",https://fencecontractorpros.com/illinois/chicago,https://www.floresfencecompany.com/,Website,23,65,true,false,true,true,false,false,false,false,2026-03-13,2026-05-17,false,false
0,Where to buy 🚀 aged domains and backlinks 🔥 from getonline.co.in| 4349-6402,https://getonline.co.in/page-4349afc64abf022e295f2d165bb0a169.html,http://floresfencecompany.com/,floresfencecompany.com,10159,12,false,false,false,true,false,false,false,false,2026-02-08,2026-02-22,false,false
0,Where to buy 🚀 aged domains and backlinks 🔥 | 5896-1582,https://getwebsiteworth.com/5b896f1f582f6738778997fe4663b0a4-l/,https://floresfencecompany.com/,floresfencecompany.com,9002,12,false,false,false,true,false,false,false,false,2025-12-05,2026-05-20,false,false
0,WEB DIRECTORY,https://global-ranks.pages.dev/40/JUwYoXBqZR,https://floresfencecompany.com/,floresfencecompany.com,10003,1,true,false,false,true,false,false,false,false,2025-10-12,2026-06-02,false,false
0,Where to buy 🚀 aged domains and backlinks 🔥 from globalecommerce.org | 4349-6402,https://globalecommerce.org/page-4349afc64abf022e295f2d165bb0a169.html,https://floresfencecompany.com/,floresfencecompany.com,10159,12,false,false,false,true,false,false,false,false,2025-12-11,2026-05-12,false,false
0,Where to buy 🚀 aged domains and backlinks 🔥 from hebagh.cv| 4349-6402,https://hebagh.cv/page-4349afc64abf022e295f2d165bb0a169.html,http://floresfencecompany.com/,floresfencecompany.com,10159,12,false,false,false,true,false,false,false,false,2026-02-11,2026-02-11,false,false
0,Where to buy 🚀 aged domains and backlinks 🔥 from homefinance.co.in| 4349-6402,https://homefinance.co.in/page-4349afc64abf022e295f2d165bb0a169.html,http://floresfencecompany.com/,floresfencecompany.com,10159,12,false,false,false,true,false,false,false,false,2026-02-15,2026-04-20,false,true
0,Flores Fence | Fences | HomeHub,https://homehub.co/listing/flores-fence,https://floresfencecompany.com/,Website,5,33,false,false,false,true,false,false,false,false,2026-04-26,2026-05-05,false,true
0,Flores Fence - Home Reno America,"https://homerenoamerica.com/contractor/60647,chicago,illinois,metro-chicago-il-fence-contractors/privacy-fences/flores-fence-2/",https://www.floresfencecompany.com/,www.floresfencecompany.com,7,77,true,false,false,true,false,false,false,false,2025-09-12,2026-05-31,false,false
0,Flores Fence - Home Reno America,"https://homerenoamerica.com/contractor/chicago,illinois/privacy-fences/flores-fence/",https://www.floresfencecompany.com/,www.floresfencecompany.com,8,76,true,false,false,true,false,false,false,false,2025-09-16,2026-05-16,false,false
0,Flores Fence – Home Services Report,https://homeservicesreport.com/business/flores-fence/,https://www.floresfencecompany.com/,Visit Website,2,12,false,false,false,true,false,false,false,false,2026-03-28,2026-03-28,false,false
0,Where to buy 🚀 aged domains and backlinks 🔥 from indians.cc | 4349-6402,https://indians.cc/page-4349afc64abf022e295f2d165bb0a169.html,https://floresfencecompany.com/,floresfencecompany.com,10159,12,false,false,false,true,false,false,false,false,2026-01-19,2026-05-28,false,false
0,Where to buy 🚀 aged domains and backlinks 🔥 from JobsApp | 5896-1582,https://jobsapp.info/5b896f1f582f6738778997fe4663b0a4-l/,https://floresfencecompany.com/,floresfencecompany.com,9000,14,false,false,false,true,false,false,false,false,2025-10-05,2026-05-16,false,false
0,seo domain research,https://knows.monster/domain/domain/part/88098/lan/ar,https://floresfencecompany.com/,floresfencecompany.com,4252,3,true,false,false,true,false,false,false,false,2026-05-22,2026-05-22,true,false
0,seo domain research,https://knows.sbs/domain/domain/part/88098,https://floresfencecompany.com/,floresfencecompany.com,1972,3,true,false,false,true,false,false,false,false,2025-12-22,2026-05-29,false,false
0,seo domain research,https://knows.sbs/domain/domain/part/88098/,https://floresfencecompany.com/,floresfencecompany.com,4252,3,true,false,false,true,false,false,false,false,2026-01-16,2026-05-19,false,false
0,Where to buy 🚀 aged domains and backlinks 🔥 from linksnatcher.com | 4349-6402,https://linksnatcher.com/page-4349afc64abf022e295f2d165bb0a169.html,https://floresfencecompany.com/,floresfencecompany.com,10158,12,false,false,false,true,false,false,false,false,2026-01-15,2026-05-28,false,false
0,Flores Fence - LocallyFind,https://locallyfind.com/services/chicago/fence-contractor/flores-fence/,http://www.floresfencecompany.com/,Website,2,42,true,false,false,true,false,false,false,false,2025-09-30,2026-05-28,false,false
0,Where to buy 🚀 aged domains and backlinks 🔥 from mail.allwebsitesdirectory.com | 4349-6402,https://mail.allwebsitesdirectory.com/page-4349afc64abf022e295f2d165bb0a169.html,https://floresfencecompany.com/,floresfencecompany.com,10158,13,false,false,false,true,false,false,false,false,2026-05-07,2026-05-25,true,false
0,Where to buy 🚀 aged domains and backlinks 🔥 from all-aged-domains | 4349-6402,https://mail.australianwebdirectory.shop/page-4349afc64abf022e295f2d165bb0a169.html,https://floresfencecompany.com/,floresfencecompany.com,10158,13,false,false,false,true,false,false,false,false,2026-02-18,2026-02-27,false,false
0,Where to buy 🚀 aged domains and backlinks 🔥 from mail.bestwebstats.com | 4349-6402,https://mail.bestwebstats.com/page-4349afc64abf022e295f2d165bb0a169.html,https://floresfencecompany.com/,floresfencecompany.com,10158,13,false,false,false,true,false,false,false,false,2026-04-03,2026-05-22,false,false
0,Where to buy 🚀 aged domains and backlinks 🔥 | 5896-1582,https://mail.blacksonwhites.com/5b896f1f582f6738778997fe4663b0a4-l/,https://floresfencecompany.com/,floresfencecompany.com,9001,12,false,false,false,true,false,false,false,false,2026-02-06,2026-02-06,false,false
0,Fence Cricket 101 Cricket Teams Cricket News,https://mail.cricket101.com/Fence,https://www.floresfencecompany.com/,"Flores Fence Company | Fence Installation & Repair in Chicago, IL ...",121,153,false,false,false,true,false,false,false,false,2026-01-06,2026-04-05,false,true
0,Where to buy 🚀 aged domains and backlinks 🔥 from mail.domain.com.lc | 4349-6402,https://mail.domain.com.lc/page-4349afc64abf022e295f2d165bb0a169.html,https://floresfencecompany.com/,floresfencecompany.com,10158,13,false,false,false,true,false,false,false,false,2026-05-17,2026-06-04,true,false
0,Where to buy 🚀 aged domains and backlinks 🔥 from mail.domainanalysis.org | 4349-6402,https://mail.domainanalysis.org/page-4349afc64abf022e295f2d165bb0a169.html,https://floresfencecompany.com/,floresfencecompany.com,10158,13,false,false,false,true,false,false,false,false,2026-05-12,2026-05-21,true,false
0,Where to buy 🚀 aged domains and backlinks 🔥 from mail.domainsc.com | 4349-6402,https://mail.domainsc.com/page-4349afc64abf022e295f2d165bb0a169.html,https://floresfencecompany.com/,floresfencecompany.com,10158,13,false,false,false,true,false,false,false,false,2026-04-12,2026-05-27,false,false
0,Where to buy 🚀 aged domains and backlinks 🔥 from mail.egyptiandirectory.com | 4349-6402,https://mail.egyptiandirectory.com/page-4349afc64abf022e295f2d165bb0a169.html,https://floresfencecompany.com/,floresfencecompany.com,10158,12,false,false,false,true,false,false,false,false,2026-02-23,2026-04-01,false,false
0,Where to buy 🚀 aged domains and backlinks 🔥 | 5896-1582,https://mail.getwebsiteworth.com/5b896f1f582f6738778997fe4663b0a4-l/,https://floresfencecompany.com/,floresfencecompany.com,9001,13,false,false,false,true,false,false,false,false,2026-02-12,2026-05-29,false,false
0,Where to buy 🚀 aged domains and backlinks 🔥 from mail.globalecommerce.org | 4349-6402,https://mail.globalecommerce.org/page-4349afc64abf022e295f2d165bb0a169.html,https://floresfencecompany.com/,floresfencecompany.com,10158,13,false,false,false,true,false,false,false,false,2026-02-06,2026-05-23,false,false
0,Where to buy 🚀 aged domains and backlinks 🔥 from mail.linksnatcher.com | 4349-6402,https://mail.linksnatcher.com/page-4349afc64abf022e295f2d165bb0a169.html,https://floresfencecompany.com/,floresfencecompany.com,10158,12,false,false,false,true,false,false,false,false,2026-04-24,2026-05-24,false,false
0,Where to buy 🚀 aged domains and backlinks 🔥 | 5896-1582,https://mail.pagesearch.net/5b896f1f582f6738778997fe4663b0a4-l/,https://floresfencecompany.com/,floresfencecompany.com,9001,12,false,false,false,true,false,false,false,false,2026-02-13,2026-02-13,false,false
0,Where to buy 🚀 aged domains and backlinks 🔥 from all-aged-domains | 4349-6402,https://mail.read.org.in/page-4349afc64abf022e295f2d165bb0a169.html,https://floresfencecompany.com/,floresfencecompany.com,10158,12,false,false,false,true,false,false,false,false,2026-03-07,2026-03-07,false,false
0,Where to buy 🚀 aged domains and backlinks 🔥 | 5896-1582,https://mail.simplewebdirectory.com/5b896f1f582f6738778997fe4663b0a4-l/,https://floresfencecompany.com/,floresfencecompany.com,9001,12,false,false,false,true,false,false,false,false,2026-02-07,2026-02-09,false,true
0,Where to buy 🚀 aged domains and backlinks 🔥 | 5896-1582,https://mail.tunca.org/5b896f1f582f6738778997fe4663b0a4-l/,https://floresfencecompany.com/,floresfencecompany.com,9001,12,false,false,false,true,false,false,false,false,2026-02-13,2026-02-13,false,false
0,Where to buy 🚀 aged domains and backlinks 🔥 | 5896-1582,https://mail.wallpapers.pro/5b896f1f582f6738778997fe4663b0a4-l/,https://floresfencecompany.com/,floresfencecompany.com,9001,13,false,false,false,true,false,false,false,false,2026-03-19,2026-05-28,false,false
0,Where to buy 🚀 aged domains and backlinks 🔥 from all-aged-domains | 4349-6402,https://mail.way2check.cv/page-4349afc64abf022e295f2d165bb0a169.html,https://floresfencecompany.com/,floresfencecompany.com,10158,12,false,false,false,true,false,false,false,false,2026-01-27,2026-02-08,false,false
0,✅ Website Stats 📊,https://metamagic.top/stats/118428,https://floresfencecompany.com/,floresfencecompany.com,3500,21,true,false,false,true,false,false,false,false,2026-02-22,2026-02-22,false,false
0,Where to buy 🚀 aged domains and backlinks 🔥 from all-aged-domains | 4349-6402,https://musweb.org/page-4349afc64abf022e295f2d165bb0a169.html,https://floresfencecompany.com/,floresfencecompany.com,10158,12,false,false,false,true,false,false,false,false,2025-12-18,2026-02-28,false,false
0,"Flores Fence - Reviews - River Forest, IL - Phone Number - Near Me Lisiting",https://nearmelisting.com/local/flores-fence,https://floresfencecompany.com/,https://floresfencecompany.com,7,46,false,false,false,true,false,false,false,false,2025-10-15,2026-04-28,false,false
0,"Flores Fence - Fencing & Gate Installation in Chicago, IL | NeedInstall",https://needinstall.com/us/illinois/chicago/fencing/77734-flores-fence,https://www.floresfencecompany.com/?ref=needinstall,floresfencecompany.com,2,42,false,false,false,true,false,false,false,false,2026-03-16,2026-05-22,false,false
0,Best Tool for Pinterest SiteToSocial Fully Automated AI Generated Pins Grow Your Website Traffic,https://newsblogsports.site/all/187/13,https://floresfencecompany.com/,Best Pinterest Tool SiteToSocial.com to Grow Your Website Traffic Fully Automated,3004,24,false,false,false,true,false,false,false,false,2026-04-20,2026-05-20,false,false
0,USA Industries Companies,https://noltod.com/industries?q=Electric%20fence,https://www.floresfencecompany.com/,https://www.floresfencecompany.com,47,7,false,false,false,true,false,false,false,false,2025-02-13,2026-04-30,false,false
0,Where to buy 🚀 aged domains and backlinks 🔥 | 5896-1582,https://optimisedwebsites.com/5b896f1f582f6738778997fe4663b0a4-l/,https://floresfencecompany.com/,floresfencecompany.com,9001,12,false,false,false,true,false,false,false,false,2026-02-03,2026-02-03,false,false
0,✅ Website Stats 📊,https://optimizeflow.top/stats/118428,https://floresfencecompany.com/,floresfencecompany.com,3500,21,true,false,false,true,false,false,false,false,2026-02-23,2026-02-23,false,false
0,✅ Website Stats 📊,https://optimizeflow.top/stats/118429,https://floresfencecompany.com/,floresfencecompany.com,3500,21,true,false,false,true,false,false,false,false,2026-03-01,2026-03-01,false,false
0,Eurekster,https://p.eurekster.com/?apdiv=Submit&id&search=American%20Fence%20Company,https://www.floresfencecompany.com/,Flores Fence Inc.,203,27,false,false,false,true,false,false,false,false,2025-11-08,2026-03-25,false,true
0,Eurekster,https://p.eurekster.com/?apdiv=Submit&id&search=American%20Fence%20Company,https://www.floresfencecompany.com/,https://www.floresfencecompany.com/,203,27,false,false,false,true,false,false,false,false,2025-11-08,2026-03-25,false,true
0,Eurekster,https://p.eurekster.com/?apdiv=Submit&id&search=Canine%20Fence%20Company,https://www.floresfencecompany.com/,Flores Fence Inc.,203,27,false,false,false,true,false,false,false,false,2025-04-06,2026-01-20,false,true
0,Eurekster,https://p.eurekster.com/?apdiv=Submit&id&search=Canine%20Fence%20Company,https://www.floresfencecompany.com/,https://www.floresfencecompany.com/,203,27,false,false,false,true,false,false,false,false,2025-04-06,2026-01-20,false,true
0,Eurekster,https://p.eurekster.com/?apdiv=Submit&id&search=Fence%20Company,https://www.floresfencecompany.com/,Flores Fence Inc.,204,29,false,false,false,true,false,false,false,false,2024-05-03,2025-12-06,false,true
0,Eurekster,https://p.eurekster.com/?apdiv=Submit&id&search=Fence%20Company,https://www.floresfencecompany.com/,https://www.floresfencecompany.com/,204,29,false,false,false,true,false,false,false,false,2024-05-03,2025-12-06,false,true
0,Eurekster,https://p.eurekster.com/?apdiv=Submit&id&search=Fence%20Company%20Chicago,https://www.floresfencecompany.com/,https://www.floresfencecompany.com/,203,27,false,false,false,true,false,false,false,false,2025-06-12,2026-03-26,false,true
0,Eurekster,https://p.eurekster.com/?apdiv=Submit&id&search=Fence%20Company%20Chicago,https://www.floresfencecompany.com/,Flores Fence Inc.,203,27,false,false,false,true,false,false,false,false,2025-06-12,2026-03-26,false,true
0,Eurekster,https://p.eurekster.com/?apdiv=Submit&id=ODAoPyI&search=Fence%20Company,https://www.floresfencecompany.com/,Flores Fence Inc.,204,28,false,false,false,true,false,false,false,false,2025-01-23,2026-04-25,false,true
0,Eurekster,https://p.eurekster.com/?apdiv=Submit&id=ODAoPyI&search=Fence%20Company,https://www.floresfencecompany.com/,https://www.floresfencecompany.com/,204,28,false,false,false,true,false,false,false,false,2025-01-23,2026-04-25,false,true
0,Where to buy 🚀 aged domains and backlinks 🔥 | 5896-1582,https://pagesearch.net/5b896f1f582f6738778997fe4663b0a4-l/,https://floresfencecompany.com/,floresfencecompany.com,9002,12,false,false,false,true,false,false,false,false,2026-02-24,2026-05-28,false,false
0,"List of Fence supply stores in Illinois, United States in 2026",https://poidata.io/report/fence-supply-store/united-states/illinois,https://floresfencecompany.com/,floresfencecompany.c...,12,28,true,false,false,true,false,false,false,false,2025-12-02,2026-04-06,false,false
0,Where to buy 🚀 aged domains and backlinks 🔥 from preparation.co.in| 4349-6402,https://preparation.co.in/page-4349afc64abf022e295f2d165bb0a169.html,http://floresfencecompany.com/,floresfencecompany.com,10158,12,false,false,false,true,false,false,false,false,2026-02-07,2026-02-07,false,false
0,Where to buy 🚀 aged domains and backlinks 🔥 from procycling.org| 4349-6402,https://procycling.org/page-4349afc64abf022e295f2d165bb0a169.html,http://floresfencecompany.com/,floresfencecompany.com,10158,12,false,false,false,true,false,false,false,false,2026-02-07,2026-02-07,false,false
0,"Best Fence Installations in Addison Village, IL (2026)",https://prosource.app/best-fence-installation-addison-village-il/,https://www.floresfencecompany.com/,Website,55,47,false,false,false,true,false,false,false,false,2026-04-27,2026-05-25,false,false
0,"Best Fence Installations in Alsip Village, IL (2026)",https://prosource.app/best-fence-installation-alsip-village-il/,https://www.floresfencecompany.com/,Website,55,47,false,false,false,true,false,false,false,false,2026-04-29,2026-05-27,false,false
0,"Best Fence Installations in Arlington Heights Village, IL (2026)",https://prosource.app/best-fence-installation-arlington-heights-village-il/,https://www.floresfencecompany.com/,Website,49,43,false,false,false,true,false,false,false,false,2026-04-19,2026-05-29,false,false
0,"Best Fence Installations in Bartlett Village, IL (2026)",https://prosource.app/best-fence-installation-bartlett-village-il/,https://www.floresfencecompany.com/,Website,34,32,false,false,false,true,false,false,false,false,2026-04-25,2026-05-23,false,false
0,"Best Fence Installations in Bellwood Village, IL (2026)",https://prosource.app/best-fence-installation-bellwood-village-il/,https://www.floresfencecompany.com/,Website,55,47,false,false,false,true,false,false,false,false,2026-04-24,2026-06-04,false,false
0,"Best Fence Installations in Bensenville Village, IL (2026)",https://prosource.app/best-fence-installation-bensenville-village-il/,https://www.floresfencecompany.com/,Website,55,47,false,false,false,true,false,false,false,false,2026-04-30,2026-05-28,false,false
0,"Best Fence Installations in Berkeley Village, IL (2026)",https://prosource.app/best-fence-installation-berkeley-village-il/,https://www.floresfencecompany.com/,Website,55,47,false,false,false,true,false,false,false,false,2026-04-18,2026-05-24,false,false
0,"Best Fence Installations in Berwyn, IL (2026)",https://prosource.app/best-fence-installation-berwyn-il/,https://www.floresfencecompany.com/,Website,55,47,false,false,false,true,false,false,false,false,2026-04-24,2026-06-04,false,false
0,"Best Fence Installations in Bloomingdale Village, IL (2026)",https://prosource.app/best-fence-installation-bloomingdale-village-il/,https://www.floresfencecompany.com/,Website,49,43,false,false,false,true,false,false,false,false,2026-05-01,2026-05-29,false,false
0,"Best Fence Installations in Blue Island, IL (2026)",https://prosource.app/best-fence-installation-blue-island-il/,https://www.floresfencecompany.com/,Website,55,47,false,false,false,true,false,false,false,false,2026-04-26,2026-05-24,false,false
0,"Best Fence Installations in Bolingbrook Village, IL (2026)",https://prosource.app/best-fence-installation-bolingbrook-village-il/,https://www.floresfencecompany.com/,Website,40,36,false,false,false,true,false,false,false,false,2026-05-03,2026-06-01,false,false
0,"Best Fence Installations in Bridgeview Village, IL (2026)",https://prosource.app/best-fence-installation-bridgeview-village-il/,https://www.floresfencecompany.com/,Website,55,47,false,false,false,true,false,false,false,false,2026-04-19,2026-05-28,false,false
0,"Best Fence Installations in Broadview Village, IL (2026)",https://prosource.app/best-fence-installation-broadview-village-il/,https://www.floresfencecompany.com/,Website,55,47,false,false,false,true,false,false,false,false,2026-04-26,2026-05-24,false,false
0,"Best Fence Installations in Brookfield Village, IL (2026)",https://prosource.app/best-fence-installation-brookfield-village-il/,https://www.floresfencecompany.com/,Website,55,47,false,false,false,true,false,false,false,false,2026-04-27,2026-05-25,false,false
0,"Best Fence Installations in Buffalo Grove Village, IL (2026)",https://prosource.app/best-fence-installation-buffalo-grove-village-il/,https://www.floresfencecompany.com/,Website,33,31,false,false,false,true,false,false,false,false,2026-04-18,2026-05-24,false,false
0,"Best Fence Installations in Burbank, IL (2026)",https://prosource.app/best-fence-installation-burbank-il/,https://www.floresfencecompany.com/,Website,55,47,false,false,false,true,false,false,false,false,2026-04-23,2026-06-03,false,false
0,"Best Fence Installations in Burnham Village, IL (2026)",https://prosource.app/best-fence-installation-burnham-village-il/,https://www.floresfencecompany.com/,Website,55,47,false,false,false,true,false,false,false,false,2026-04-27,2026-05-24,false,false
0,"Best Fence Installations in Burr Ridge Village, IL (2026)",https://prosource.app/best-fence-installation-burr-ridge-village-il/,https://www.floresfencecompany.com/,Website,55,47,false,false,false,true,false,false,false,false,2026-04-24,2026-06-04,false,false
0,"Best Fence Installations in Calumet City, IL (2026)",https://prosource.app/best-fence-installation-calumet-city-il/,https://www.floresfencecompany.com/,Website,46,41,false,false,false,true,false,false,false,false,2026-04-29,2026-05-27,false,false
0,"Best Fence Installations in Calumet Park Village, IL (2026)",https://prosource.app/best-fence-installation-calumet-park-village-il/,https://www.floresfencecompany.com/,Website,55,47,false,false,false,true,false,false,false,false,2026-04-25,2026-06-04,false,false
0,"Best Fence Installations in Carol Stream Village, IL (2026)",https://prosource.app/best-fence-installation-carol-stream-village-il/,https://www.floresfencecompany.com/,Website,40,37,false,false,false,true,false,false,false,false,2026-04-26,2026-05-24,false,false
0,"Best Fence Installations in Chicago, IL (2026)",https://prosource.app/best-fence-installation-chicago-il/,https://www.floresfencecompany.com/,Website,55,47,false,false,false,true,false,false,false,false,2026-04-25,2026-06-05,false,false
0,"Best Fence Installations in Chicago Ridge Village, IL (2026)",https://prosource.app/best-fence-installation-chicago-ridge-village-il/,https://www.floresfencecompany.com/,Website,55,47,false,false,false,true,false,false,false,false,2026-04-18,2026-05-23,false,false
0,"Best Fence Installations in Cicero, IL (2026)",https://prosource.app/best-fence-installation-cicero-il/,https://www.floresfencecompany.com/,Website,55,47,false,false,false,true,false,false,false,false,2026-04-30,2026-05-27,false,false
0,"Best Fence Installations in Clarendon Hills Village, IL (2026)",https://prosource.app/best-fence-installation-clarendon-hills-village-il/,https://www.floresfencecompany.com/,Website,55,47,false,false,false,true,false,false,false,false,2026-04-30,2026-05-27,false,false
0,"Best Fence Installations in Country Club Hills, IL (2026)",https://prosource.app/best-fence-installation-country-club-hills-il/,https://www.floresfencecompany.com/,Website,43,39,false,false,false,true,false,false,false,false,2026-04-19,2026-05-28,false,false
0,"Best Fence Installations in Countryside, IL (2026)",https://prosource.app/best-fence-installation-countryside-il/,https://www.floresfencecompany.com/,Website,55,47,false,false,false,true,false,false,false,false,2026-04-30,2026-05-28,false,false
0,"Best Fence Installations in Crestwood Village, IL (2026)",https://prosource.app/best-fence-installation-crestwood-village-il/,https://www.floresfencecompany.com/,Website,55,47,false,false,false,true,false,false,false,false,2026-04-30,2026-05-28,false,false
0,"Best Fence Installations in Darien, IL (2026)",https://prosource.app/best-fence-installation-darien-il/,https://www.floresfencecompany.com/,Website,55,47,false,false,false,true,false,false,false,false,2026-04-21,2026-06-01,false,false
0,"Best Fence Installations in Deerfield Village, IL (2026)",https://prosource.app/best-fence-installation-deerfield-village-il/,https://www.floresfencecompany.com/,Website,45,39,false,false,false,true,false,false,false,false,2026-04-27,2026-05-24,false,false
0,"Best Fence Installations in Des Plaines, IL (2026)",https://prosource.app/best-fence-installation-des-plaines-il/,https://www.floresfencecompany.com/,Website,49,43,false,false,false,true,false,false,false,false,2026-05-01,2026-05-29,false,false
0,"Best Fence Installations in Dixmoor Village, IL (2026)",https://prosource.app/best-fence-installation-dixmoor-village-il/,https://www.floresfencecompany.com/,Website,55,47,false,false,false,true,false,false,false,false,2026-04-24,2026-06-03,false,false
0,"Best Fence Installations in Dolton Village, IL (2026)",https://prosource.app/best-fence-installation-dolton-village-il/,https://www.floresfencecompany.com/,Website,55,47,false,false,false,true,false,false,false,false,2026-04-26,2026-05-25,false,false
0,"Best Fence Installations in Downers Grove Village, IL (2026)",https://prosource.app/best-fence-installation-downers-grove-village-il/,https://www.floresfencecompany.com/,Website,55,47,false,false,false,true,false,false,false,false,2026-04-23,2026-06-01,false,false
0,"Best Fence Installations in East Chicago, IN (2026)",https://prosource.app/best-fence-installation-east-chicago-in/,https://www.floresfencecompany.com/,Website,46,41,false,false,false,true,false,false,false,false,2026-05-01,2026-05-30,false,false
0,"Best Fence Installations in Elk Grove Village Village, IL (2026)",https://prosource.app/best-fence-installation-elk-grove-village-village-il/,https://www.floresfencecompany.com/,Website,49,43,false,false,false,true,false,false,false,false,2026-04-19,2026-05-28,false,false
0,"Best Fence Installations in Elmhurst, IL (2026)",https://prosource.app/best-fence-installation-elmhurst-il/,https://www.floresfencecompany.com/,Website,55,47,false,false,false,true,false,false,false,false,2026-04-18,2026-05-26,false,false
0,"Best Fence Installations in Elmwood Park Village, IL (2026)",https://prosource.app/best-fence-installation-elmwood-park-village-il/,https://www.floresfencecompany.com/,Website,55,47,false,false,false,true,false,false,false,false,2026-04-23,2026-06-03,false,false
0,"Best Fence Installations in Evanston, IL (2026)",https://prosource.app/best-fence-installation-evanston-il/,https://www.floresfencecompany.com/,Website,52,45,false,false,false,true,false,false,false,false,2026-04-29,2026-05-26,false,false
0,"Best Fence Installations in Evergreen Park Village, IL (2026)",https://prosource.app/best-fence-installation-evergreen-park-village-il/,https://www.floresfencecompany.com/,Website,55,47,false,false,false,true,false,false,false,false,2026-04-27,2026-05-25,false,false
0,"Best Fence Installations in Forest Park Village, IL (2026)",https://prosource.app/best-fence-installation-forest-park-village-il/,https://www.floresfencecompany.com/,Website,55,47,false,false,false,true,false,false,false,false,2026-05-03,2026-05-31,false,false
0,"Best Fence Installations in Franklin Park Village, IL (2026)",https://prosource.app/best-fence-installation-franklin-park-village-il/,https://www.floresfencecompany.com/,Website,55,47,false,false,false,true,false,false,false,false,2026-04-19,2026-05-30,false,false
0,"Best Fence Installations in Glen Ellyn Village, IL (2026)",https://prosource.app/best-fence-installation-glen-ellyn-village-il/,https://www.floresfencecompany.com/,Website,55,47,false,false,false,true,false,false,false,false,2026-04-23,2026-06-04,false,false
0,"Best Fence Installations in Glencoe Village, IL (2026)",https://prosource.app/best-fence-installation-glencoe-village-il/,https://www.floresfencecompany.com/,Website,49,43,false,false,false,true,false,false,false,false,2026-04-19,2026-05-28,false,false
0,"Best Fence Installations in Glendale Heights Village, IL (2026)",https://prosource.app/best-fence-installation-glendale-heights-village-il/,https://www.floresfencecompany.com/,Website,52,45,false,false,false,true,false,false,false,false,2026-05-02,2026-05-31,false,false
0,"Best Fence Installations in Glenview Village, IL (2026)",https://prosource.app/best-fence-installation-glenview-village-il/,https://www.floresfencecompany.com/,Website,49,43,false,false,false,true,false,false,false,false,2026-04-26,2026-06-05,false,false
0,"Best Fence Installations in Hammond, IN (2026)",https://prosource.app/best-fence-installation-hammond-in/,https://www.floresfencecompany.com/,Website,46,41,false,false,false,true,false,false,false,false,2026-04-29,2026-05-26,false,false
0,"Best Fence Installations in Hanover Park Village, IL (2026)",https://prosource.app/best-fence-installation-hanover-park-village-il/,https://www.floresfencecompany.com/,Website,34,33,false,false,false,true,false,false,false,false,2026-05-03,2026-05-31,false,false
0,"Best Fence Installations in Harvey, IL (2026)",https://prosource.app/best-fence-installation-harvey-il/,https://www.floresfencecompany.com/,Website,55,47,false,false,false,true,false,false,false,false,2026-04-30,2026-05-28,false,false
0,"Best Fence Installations in Harwood Heights Village, IL (2026)",https://prosource.app/best-fence-installation-harwood-heights-village-il/,https://www.floresfencecompany.com/,Website,55,47,false,false,false,true,false,false,false,false,2026-04-19,2026-05-28,false,false
0,"Best Fence Installations in Hazel Crest Village, IL (2026)",https://prosource.app/best-fence-installation-hazel-crest-village-il/,https://www.floresfencecompany.com/,Website,46,41,false,false,false,true,false,false,false,false,2026-04-23,2026-06-02,false,false
0,"Best Fence Installations in Hickory Hills, IL (2026)",https://prosource.app/best-fence-installation-hickory-hills-il/,https://www.floresfencecompany.com/,Website,55,47,false,false,false,true,false,false,false,false,2026-04-24,2026-06-03,false,false
0,"Best Fence Installations in Highland Park, IL (2026)",https://prosource.app/best-fence-installation-highland-park-il/,https://www.floresfencecompany.com/,Website,45,39,false,false,false,true,false,false,false,false,2026-04-26,2026-05-24,false,false
0,"Best Fence Installations in Highwood, IL (2026)",https://prosource.app/best-fence-installation-highwood-il/,https://www.floresfencecompany.com/,Website,36,33,false,false,false,true,false,false,false,false,2026-04-24,2026-06-04,false,false
0,"Best Fence Installations in Hillside Village, IL (2026)",https://prosource.app/best-fence-installation-hillside-village-il/,https://www.floresfencecompany.com/,Website,55,47,false,false,false,true,false,false,false,false,2026-04-30,2026-05-27,false,false
0,"Best Fence Installations in Hinsdale Village, IL (2026)",https://prosource.app/best-fence-installation-hinsdale-village-il/,https://www.floresfencecompany.com/,Website,55,47,false,false,false,true,false,false,false,false,2026-04-30,2026-05-28,false,false
0,"Best Fence Installations in Hoffman Estates Village, IL (2026)",https://prosource.app/best-fence-installation-hoffman-estates-village-il/,https://www.floresfencecompany.com/,Website,21,22,false,false,false,true,false,false,false,false,2026-04-30,2026-05-27,false,false
0,"Best Fence Installations in Homer Glen Village, IL (2026)",https://prosource.app/best-fence-installation-homer-glen-village-il/,https://www.floresfencecompany.com/,Website,40,37,false,false,false,true,false,false,false,false,2026-05-03,2026-05-31,false,false
0,"Best Fence Installations in Hometown, IL (2026)",https://prosource.app/best-fence-installation-hometown-il/,https://www.floresfencecompany.com/,Website,55,47,false,false,false,true,false,false,false,false,2026-05-04,2026-05-31,false,false
0,"Best Fence Installations in Homewood Village, IL (2026)",https://prosource.app/best-fence-installation-homewood-village-il/,https://www.floresfencecompany.com/,Website,37,35,false,false,false,true,false,false,false,false,2026-04-27,2026-05-25,false,false
0,"Best Fence Installations in Indian Head Park Village, IL (2026)",https://prosource.app/best-fence-installation-indian-head-park-village-il/,https://www.floresfencecompany.com/,Website,55,47,false,false,false,true,false,false,false,false,2026-05-02,2026-05-30,false,false
0,"Best Fence Installations in Inverness Village, IL (2026)",https://prosource.app/best-fence-installation-inverness-village-il/,https://www.floresfencecompany.com/,Website,21,23,false,false,false,true,false,false,false,false,2026-04-22,2026-06-03,false,false
0,"Best Fence Installations in Itasca Village, IL (2026)",https://prosource.app/best-fence-installation-itasca-village-il/,https://www.floresfencecompany.com/,Website,49,43,false,false,false,true,false,false,false,false,2026-04-26,2026-05-24,false,false
0,"Best Fence Installations in Justice Village, IL (2026)",https://prosource.app/best-fence-installation-justice-village-il/,https://www.floresfencecompany.com/,Website,55,47,false,false,false,true,false,false,false,false,2026-04-25,2026-06-05,false,false
0,"Best Fence Installations in Kildeer Village, IL (2026)",https://prosource.app/best-fence-installation-kildeer-village-il/,https://www.floresfencecompany.com/,Website,21,23,false,false,false,true,false,false,false,false,2026-04-28,2026-05-26,false,false
0,"Best Fence Installations in La Grange Park Village, IL (2026)",https://prosource.app/best-fence-installation-la-grange-park-village-il/,https://www.floresfencecompany.com/,Website,55,47,false,false,false,true,false,false,false,false,2026-04-19,2026-05-26,false,false
0,"Best Fence Installations in La Grange Village, IL (2026)",https://prosource.app/best-fence-installation-la-grange-village-il/,https://www.floresfencecompany.com/,Website,55,47,false,false,false,true,false,false,false,false,2026-04-21,2026-06-01,false,false
0,"Best Fence Installations in Lake Forest, IL (2026)",https://prosource.app/best-fence-installation-lake-forest-il/,https://www.floresfencecompany.com/,Website,30,29,false,false,false,true,false,false,false,false,2026-05-04,2026-06-01,false,false
0,"Best Fence Installations in Lemont Village, IL (2026)",https://prosource.app/best-fence-installation-lemont-village-il/,https://www.floresfencecompany.com/,Website,52,45,false,false,false,true,false,false,false,false,2026-04-28,2026-05-26,false,false
0,"Best Fence Installations in Lincolnshire Village, IL (2026)",https://prosource.app/best-fence-installation-lincolnshire-village-il/,https://www.floresfencecompany.com/,Website,30,29,false,false,false,true,false,false,false,false,2026-04-26,2026-05-24,false,false
0,"Best Fence Installations in Lincolnwood Village, IL (2026)",https://prosource.app/best-fence-installation-lincolnwood-village-il/,https://www.floresfencecompany.com/,Website,52,45,false,false,false,true,false,false,false,false,2026-04-19,2026-05-29,false,false
0,"Best Fence Installations in Lisle Village, IL (2026)",https://prosource.app/best-fence-installation-lisle-village-il/,https://www.floresfencecompany.com/,Website,52,45,false,false,false,true,false,false,false,false,2026-04-24,2026-06-03,false,false
0,"Best Fence Installations in Lombard Village, IL (2026)",https://prosource.app/best-fence-installation-lombard-village-il/,https://www.floresfencecompany.com/,Website,55,47,false,false,false,true,false,false,false,false,2026-05-02,2026-05-31,false,false
0,"Best Fence Installations in Long Grove Village, IL (2026)",https://prosource.app/best-fence-installation-long-grove-village-il/,https://www.floresfencecompany.com/,Website,21,23,false,false,false,true,false,false,false,false,2026-04-26,2026-06-05,false,false
0,"Best Fence Installations in Lyons Village, IL (2026)",https://prosource.app/best-fence-installation-lyons-village-il/,https://www.floresfencecompany.com/,Website,55,47,false,false,false,true,false,false,false,false,2026-04-28,2026-05-26,false,false
0,"Best Fence Installations in Markham, IL (2026)",https://prosource.app/best-fence-installation-markham-il/,https://www.floresfencecompany.com/,Website,55,47,false,false,false,true,false,false,false,false,2026-04-30,2026-05-29,false,false
0,"Best Fence Installations in Maywood Village, IL (2026)",https://prosource.app/best-fence-installation-maywood-village-il/,https://www.floresfencecompany.com/,Website,55,47,false,false,false,true,false,false,false,false,2026-04-28,2026-05-26,false,false
0,"Best Fence Installations in Melrose Park Village, IL (2026)",https://prosource.app/best-fence-installation-melrose-park-village-il/,https://www.floresfencecompany.com/,Website,55,47,false,false,false,true,false,false,false,false,2026-05-03,2026-05-30,false,false
0,"Best Fence Installations in Midlothian Village, IL (2026)",https://prosource.app/best-fence-installation-midlothian-village-il/,https://www.floresfencecompany.com/,Website,55,47,false,false,false,true,false,false,false,false,2026-05-05,2026-06-03,false,false
0,"Best Fence Installations in Morton Grove Village, IL (2026)",https://prosource.app/best-fence-installation-morton-grove-village-il/,https://www.floresfencecompany.com/,Website,52,45,false,false,false,true,false,false,false,false,2026-04-20,2026-05-29,false,false
0,"Best Fence Installations in Mount Prospect Village, IL (2026)",https://prosource.app/best-fence-installation-mount-prospect-village-il/,https://www.floresfencecompany.com/,Website,49,43,false,false,false,true,false,false,false,false,2026-04-18,2026-05-24,false,false
0,"Best Fence Installations in Niles Village, IL (2026)",https://prosource.app/best-fence-installation-niles-village-il/,https://www.floresfencecompany.com/,Website,52,45,false,false,false,true,false,false,false,false,2026-04-26,2026-05-25,false,false
0,"Best Fence Installations in Norridge Village, IL (2026)",https://prosource.app/best-fence-installation-norridge-village-il/,https://www.floresfencecompany.com/,Website,55,47,false,false,false,true,false,false,false,false,2026-04-22,2026-06-03,false,false
0,"Best Fence Installations in North Riverside Village, IL (2026)",https://prosource.app/best-fence-installation-north-riverside-village-il/,https://www.floresfencecompany.com/,Website,55,47,false,false,false,true,false,false,false,false,2026-04-22,2026-06-02,false,false
0,"Best Fence Installations in Northbrook Village, IL (2026)",https://prosource.app/best-fence-installation-northbrook-village-il/,https://www.floresfencecompany.com/,Website,49,43,false,false,false,true,false,false,false,false,2026-04-26,2026-05-24,false,false
0,"Best Fence Installations in Northfield Village, IL (2026)",https://prosource.app/best-fence-installation-northfield-village-il/,https://www.floresfencecompany.com/,Website,49,43,false,false,false,true,false,false,false,false,2026-04-30,2026-05-29,false,false
0,"Best Fence Installations in Northlake, IL (2026)",https://prosource.app/best-fence-installation-northlake-il/,https://www.floresfencecompany.com/,Website,55,47,false,false,false,true,false,false,false,false,2026-04-28,2026-05-25,false,false
0,"Best Fence Installations in Oak Brook Village, IL (2026)",https://prosource.app/best-fence-installation-oak-brook-village-il/,https://www.floresfencecompany.com/,Website,55,47,false,false,false,true,false,false,false,false,2026-04-27,2026-05-25,false,false
0,"Best Fence Installations in Oak Forest, IL (2026)",https://prosource.app/best-fence-installation-oak-forest-il/,https://www.floresfencecompany.com/,Website,55,47,false,false,false,true,false,false,false,false,2026-04-20,2026-05-29,false,false
0,"Best Fence Installations in Oak Lawn Village, IL (2026)",https://prosource.app/best-fence-installation-oak-lawn-village-il/,https://www.floresfencecompany.com/,Website,55,47,false,false,false,true,false,false,false,false,2026-04-25,2026-05-23,false,false
0,"Best Fence Installations in Oak Park Village, IL (2026)",https://prosource.app/best-fence-installation-oak-park-village-il/,https://www.floresfencecompany.com/,Website,55,47,false,false,false,true,false,false,false,false,2026-04-19,2026-05-26,false,false
0,"Best Fence Installations in Oakbrook Terrace, IL (2026)",https://prosource.app/best-fence-installation-oakbrook-terrace-il/,https://www.floresfencecompany.com/,Website,55,47,false,false,false,true,false,false,false,false,2026-04-24,2026-06-05,false,false
0,"Best Fence Installations in Orland Hills Village, IL (2026)",https://prosource.app/best-fence-installation-orland-hills-village-il/,https://www.floresfencecompany.com/,Website,49,43,false,false,false,true,false,false,false,false,2026-04-23,2026-06-03,false,false
0,"Best Fence Installations in Orland Park Village, IL (2026)",https://prosource.app/best-fence-installation-orland-park-village-il/,https://www.floresfencecompany.com/,Website,52,45,false,false,false,true,false,false,false,false,2026-04-29,2026-05-26,false,false
0,"Best Fence Installations in Palatine Village, IL (2026)",https://prosource.app/best-fence-installation-palatine-village-il/,https://www.floresfencecompany.com/,Website,36,33,false,false,false,true,false,false,false,false,2026-04-21,2026-06-03,false,false
0,"Best Fence Installations in Palos Heights, IL (2026)",https://prosource.app/best-fence-installation-palos-heights-il/,https://www.floresfencecompany.com/,Website,55,47,false,false,false,true,false,false,false,false,2026-04-22,2026-06-03,false,false
0,"Best Fence Installations in Palos Hills, IL (2026)",https://prosource.app/best-fence-installation-palos-hills-il/,https://www.floresfencecompany.com/,Website,55,47,false,false,false,true,false,false,false,false,2026-05-04,2026-06-01,false,false
0,"Best Fence Installations in Palos Park Village, IL (2026)",https://prosource.app/best-fence-installation-palos-park-village-il/,https://www.floresfencecompany.com/,Website,55,47,false,false,false,true,false,false,false,false,2026-04-24,2026-06-04,false,false
0,"Best Fence Installations in Park Ridge, IL (2026)",https://prosource.app/best-fence-installation-park-ridge-il/,https://www.floresfencecompany.com/,Website,52,45,false,false,false,true,false,false,false,false,2026-05-03,2026-05-31,false,false
0,"Best Fence Installations in Posen Village, IL (2026)",https://prosource.app/best-fence-installation-posen-village-il/,https://www.floresfencecompany.com/,Website,55,47,false,false,false,true,false,false,false,false,2026-04-30,2026-05-27,false,false
0,"Best Fence Installations in Prospect Heights, IL (2026)",https://prosource.app/best-fence-installation-prospect-heights-il/,https://www.floresfencecompany.com/,Website,49,43,false,false,false,true,false,false,false,false,2026-05-02,2026-05-31,false,false
0,"Best Fence Installations in River Forest Village, IL (2026)",https://prosource.app/best-fence-installation-river-forest-village-il/,https://www.floresfencecompany.com/,Website,55,47,false,false,false,true,false,false,false,false,2026-04-18,2026-05-25,false,false
0,"Best Fence Installations in River Grove Village, IL (2026)",https://prosource.app/best-fence-installation-river-grove-village-il/,https://www.floresfencecompany.com/,Website,55,47,false,false,false,true,false,false,false,false,2026-05-03,2026-05-31,false,false
0,"Best Fence Installations in Riverdale Village, IL (2026)",https://prosource.app/best-fence-installation-riverdale-village-il/,https://www.floresfencecompany.com/,Website,55,47,false,false,false,true,false,false,false,false,2026-05-02,2026-05-31,false,false
0,"Best Fence Installations in Riverside Village, IL (2026)",https://prosource.app/best-fence-installation-riverside-village-il/,https://www.floresfencecompany.com/,Website,55,47,false,false,false,true,false,false,false,false,2026-04-25,2026-06-04,false,false
0,"Best Fence Installations in Riverwoods Village, IL (2026)",https://prosource.app/best-fence-installation-riverwoods-village-il/,https://www.floresfencecompany.com/,Website,45,39,false,false,false,true,false,false,false,false,2026-05-02,2026-05-30,false,false
0,"Best Fence Installations in Robbins Village, IL (2026)",https://prosource.app/best-fence-installation-robbins-village-il/,https://www.floresfencecompany.com/,Website,55,47,false,false,false,true,false,false,false,false,2026-04-20,2026-05-28,false,false
0,"Best Fence Installations in Rolling Meadows, IL (2026)",https://prosource.app/best-fence-installation-rolling-meadows-il/,https://www.floresfencecompany.com/,Website,49,43,false,false,false,true,false,false,false,false,2026-05-04,2026-06-01,false,false
0,"Best Fence Installations in Roselle Village, IL (2026)",https://prosource.app/best-fence-installation-roselle-village-il/,https://www.floresfencecompany.com/,Website,49,43,false,false,false,true,false,false,false,false,2026-04-20,2026-05-31,false,false
0,"Best Fence Installations in Rosemont Village, IL (2026)",https://prosource.app/best-fence-installation-rosemont-village-il/,https://www.floresfencecompany.com/,Website,52,45,false,false,false,true,false,false,false,false,2026-04-28,2026-05-26,false,false
0,"Best Fence Installations in Schaumburg Village, IL (2026)",https://prosource.app/best-fence-installation-schaumburg-village-il/,https://www.floresfencecompany.com/,Website,43,39,false,false,false,true,false,false,false,false,2026-04-22,2026-06-02,false,false
0,"Best Fence Installations in Schiller Park Village, IL (2026)",https://prosource.app/best-fence-installation-schiller-park-village-il/,https://www.floresfencecompany.com/,Website,55,47,false,false,false,true,false,false,false,false,2026-05-02,2026-05-30,false,false
0,"Best Fence Installations in Skokie Village, IL (2026)",https://prosource.app/best-fence-installation-skokie-village-il/,https://www.floresfencecompany.com/,Website,52,45,false,false,false,true,false,false,false,false,2026-04-27,2026-05-25,false,false
0,"Best Fence Installations in South Holland Village, IL (2026)",https://prosource.app/best-fence-installation-south-holland-village-il/,https://www.floresfencecompany.com/,Website,49,43,false,false,false,true,false,false,false,false,2026-04-28,2026-05-25,false,false
0,"Best Fence Installations in Stickney Village, IL (2026)",https://prosource.app/best-fence-installation-stickney-village-il/,https://www.floresfencecompany.com/,Website,55,47,false,false,false,true,false,false,false,false,2026-05-06,2026-06-02,true,false
0,"Best Fence Installations in Stone Park Village, IL (2026)",https://prosource.app/best-fence-installation-stone-park-village-il/,https://www.floresfencecompany.com/,Website,55,47,false,false,false,true,false,false,false,false,2026-04-21,2026-06-02,false,false
0,"Best Fence Installations in Streamwood Village, IL (2026)",https://prosource.app/best-fence-installation-streamwood-village-il/,https://www.floresfencecompany.com/,Website,24,24,false,false,false,true,false,false,false,false,2026-04-27,2026-05-25,false,false
0,"Best Fence Installations in Summit Village, IL (2026)",https://prosource.app/best-fence-installation-summit-village-il/,https://www.floresfencecompany.com/,Website,55,47,false,false,false,true,false,false,false,false,2026-04-30,2026-05-29,false,false
0,"Best Fence Installations in Tinley Park Village, IL (2026)",https://prosource.app/best-fence-installation-tinley-park-village-il/,https://www.floresfencecompany.com/,Website,46,41,false,false,false,true,false,false,false,false,2026-04-20,2026-05-30,false,false
0,"Best Fence Installations in Villa Park Village, IL (2026)",https://prosource.app/best-fence-installation-villa-park-village-il/,https://www.floresfencecompany.com/,Website,55,47,false,false,false,true,false,false,false,false,2026-04-28,2026-05-26,false,false
0,"Best Fence Installations in Warrenville, IL (2026)",https://prosource.app/best-fence-installation-warrenville-il/,https://www.floresfencecompany.com/,Website,34,32,false,false,false,true,false,false,false,false,2026-05-02,2026-05-30,false,false
0,"Best Fence Installations in Westchester Village, IL (2026)",https://prosource.app/best-fence-installation-westchester-village-il/,https://www.floresfencecompany.com/,Website,55,47,false,false,false,true,false,false,false,false,2026-05-01,2026-05-29,false,false
0,"Best Fence Installations in Western Springs Village, IL (2026)",https://prosource.app/best-fence-installation-western-springs-village-il/,https://www.floresfencecompany.com/,Website,55,47,false,false,false,true,false,false,false,false,2026-04-19,2026-05-28,false,false
0,"Best Fence Installations in Westmont Village, IL (2026)",https://prosource.app/best-fence-installation-westmont-village-il/,https://www.floresfencecompany.com/,Website,55,47,false,false,false,true,false,false,false,false,2026-04-25,2026-06-04,false,false
0,"Best Fence Installations in Wheaton, IL (2026)",https://prosource.app/best-fence-installation-wheaton-il/,https://www.floresfencecompany.com/,Website,55,47,false,false,false,true,false,false,false,false,2026-04-25,2026-06-03,false,false
0,"Best Fence Installations in Wheeling Village, IL (2026)",https://prosource.app/best-fence-installation-wheeling-village-il/,https://www.floresfencecompany.com/,Website,47,41,false,false,false,true,false,false,false,false,2026-04-19,2026-05-27,false,false
0,"Best Fence Installations in Whiting, IN (2026)",https://prosource.app/best-fence-installation-whiting-in/,https://www.floresfencecompany.com/,Website,55,47,false,false,false,true,false,false,false,false,2026-04-23,2026-06-02,false,false
0,"Best Fence Installations in Willow Springs Village, IL (2026)",https://prosource.app/best-fence-installation-willow-springs-village-il/,https://www.floresfencecompany.com/,Website,55,47,false,false,false,true,false,false,false,false,2026-04-20,2026-05-30,false,false
0,"Best Fence Installations in Willowbrook Village, IL (2026)",https://prosource.app/best-fence-installation-willowbrook-village-il/,https://www.floresfencecompany.com/,Website,55,47,false,false,false,true,false,false,false,false,2026-04-25,2026-06-05,false,false
0,"Best Fence Installations in Wilmette Village, IL (2026)",https://prosource.app/best-fence-installation-wilmette-village-il/,https://www.floresfencecompany.com/,Website,49,43,false,false,false,true,false,false,false,false,2026-04-30,2026-05-29,false,false
0,"Best Fence Installations in Winfield Village, IL (2026)",https://prosource.app/best-fence-installation-winfield-village-il/,https://www.floresfencecompany.com/,Website,37,35,false,false,false,true,false,false,false,false,2026-04-22,2026-06-04,false,false
0,"Best Fence Installations in Winnetka Village, IL (2026)",https://prosource.app/best-fence-installation-winnetka-village-il/,https://www.floresfencecompany.com/,Website,49,43,false,false,false,true,false,false,false,false,2026-04-21,2026-06-02,false,false
0,"Best Fence Installations in Wood Dale, IL (2026)",https://prosource.app/best-fence-installation-wood-dale-il/,https://www.floresfencecompany.com/,Website,52,45,false,false,false,true,false,false,false,false,2026-04-18,2026-05-24,false,false
0,"Best Fence Installations in Woodridge Village, IL (2026)",https://prosource.app/best-fence-installation-woodridge-village-il/,https://www.floresfencecompany.com/,Website,55,47,false,false,false,true,false,false,false,false,2026-04-18,2026-05-24,false,false
0,"Best Fence Installations in Worth Village, IL (2026)",https://prosource.app/best-fence-installation-worth-village-il/,https://www.floresfencecompany.com/,Website,55,47,false,false,false,true,false,false,false,false,2026-05-03,2026-06-01,false,false
0,Flores Fence — Reviews & Info,https://prosource.app/biz/flores-fence-chicago-illinois/,https://www.floresfencecompany.com/,Website,3,11,false,false,false,true,false,false,false,false,2026-05-02,2026-05-28,false,false
0,Flores Fence — Reviews & Info,https://prosource.app/biz/flores-fence-chicago-illinois/,https://www.floresfencecompany.com/,Site,3,11,false,false,false,true,false,false,false,false,2026-05-02,2026-05-28,false,false
0,Where to buy 🚀 aged domains and backlinks 🔥 from pudhe.com | 4349-6402,https://pudhe.com/page-4349afc64abf022e295f2d165bb0a169.html,https://floresfencecompany.com/,floresfencecompany.com,10158,13,false,false,false,true,false,false,false,false,2026-04-11,2026-05-27,false,false
0,Where to buy 🚀 aged domains and backlinks 🔥 from queries.co.in| 4349-6402,https://queries.co.in/page-4349afc64abf022e295f2d165bb0a169.html,http://floresfencecompany.com/,floresfencecompany.com,10159,12,false,false,false,true,false,false,false,false,2026-02-10,2026-02-24,false,false
0,👲 Domain Report 👲,https://quero.party/report/118428,https://floresfencecompany.com/,floresfencecompany.com,3500,21,true,false,false,true,false,false,false,false,2026-05-18,2026-05-18,true,false
0,👲 Domain Report 👲,https://quero.party/report/118429,https://floresfencecompany.com/,floresfencecompany.com,3500,21,true,false,false,true,false,false,false,false,2025-12-28,2025-12-28,false,false
0,"🚀 Boost Organic Traffic, Rankings & Authority with 100% Premium Backlinks – Give Your Competitors a Tough Time! 🔥 – Rankvance.com",https://rankvanceboost.pro/explore-our-affordable-backlink-plans-94/,https://floresfencecompany.com/,floresfencecompany.com,1000,20,false,false,false,true,false,false,false,false,2025-12-08,2026-01-08,false,false
0,Where to buy 🚀 aged domains and backlinks 🔥 from read.org.in| 4349-6402,https://read.org.in/page-4349afc64abf022e295f2d165bb0a169.html,https://floresfencecompany.com/,floresfencecompany.com,10159,12,false,false,false,true,false,false,false,false,2026-01-14,2026-06-03,false,false
0,"Flores Fence – 4.5★ (162+ Reviews) in Chicago, IL | Address, Phone & Directions (2026)",https://repaircost.net/places/flores-fence,https://www.floresfencecompany.com/,Visit Website,5,29,true,false,false,true,false,false,false,false,2026-03-14,2026-03-14,false,false
0,"Flores Fence – 4.5★ (162+ Reviews) Near Me in Chicago, IL | Phone, Address & Hours (2026)",https://repaircost.net/places/flores-fence,https://www.floresfencecompany.com/,www.floresfencecompany.com,14,93,true,false,false,true,false,false,false,false,2026-03-14,2026-05-08,false,false
0,"Flores Fence – 4.5★ (162+ Reviews) Near Me in Chicago, IL | Phone, Address & Hours (2026)",https://repaircost.net/places/flores-fence,https://www.floresfencecompany.com/,🌐 www.floresfencecompany.com,14,93,true,false,false,true,false,false,false,false,2026-05-08,2026-05-08,true,false
0,Industry Analysis Report - Fence Contractor in Belmont Cragin Illinois,https://reports.lpraudit.com/illinois/belmont-cragin/fence-contractor/,https://www.floresfencecompany.com/,Open Website,46,472,false,false,false,true,false,false,false,false,2026-05-25,2026-06-04,true,false
0,Industry Analysis Report - Fence Contractor in Chicago Illinois,https://reports.lpraudit.com/illinois/chicago/fence-contractor/,https://www.floresfencecompany.com/,Open Website,46,573,false,false,false,true,false,false,false,false,2026-05-25,2026-05-25,true,false
0,Industry Analysis Report - Fence Contractor in Cicero Illinois,https://reports.lpraudit.com/illinois/cicero/fence-contractor/,https://www.floresfencecompany.com/,Open Website,44,471,false,false,false,true,false,false,false,false,2026-06-01,2026-06-01,true,false
0,"Best Fence Installation And Repair in Chicago, United States | Reputop",https://reputop.com/us/fence-installation-and-repair/chicago/,https://www.floresfencecompany.com/,Visit Website,10,25,true,false,false,true,false,false,false,false,2025-10-23,2026-01-02,false,false
0,👲 Domain Report 👲,https://screenshots.wiki/report/118428,https://floresfencecompany.com/,floresfencecompany.com,3500,21,true,false,false,true,false,false,false,false,2026-02-19,2026-02-19,false,false
0,👲 Domain Report 👲,https://screenshots.wiki/report/118429,https://floresfencecompany.com/,floresfencecompany.com,3500,21,true,false,false,true,false,false,false,false,2026-05-10,2026-05-10,true,false
0,seo domain research,https://seodomains.website/domain/domain/part/88098,https://floresfencecompany.com/,floresfencecompany.com,2092,3,true,false,false,true,false,false,false,false,2025-12-21,2026-04-28,false,false
0,seo domain research,https://seol.store/domain/domain/part/88098,https://floresfencecompany.com/,floresfencecompany.com,1972,3,true,false,false,true,false,false,false,false,2026-01-13,2026-06-03,false,false
0,Where to buy 🚀 aged domains and backlinks 🔥 from sergechel | 3640-6705,https://sergechel.info/list-36e4a0ba670f529c5f92af158d1f9b27,https://floresfencecompany.com/,floresfencecompany.com,10501,14,false,false,false,true,false,false,false,false,2025-03-11,2026-06-01,false,false
0,"Flores Fence in Chicago, IL: Reviews, Pricing and Quotes | ServiceQuoteAI",https://servicequoteai.com/providers/flores-fence,https://www.floresfencecompany.com/,Visit Website,1,36,false,false,false,true,false,false,false,false,2026-04-11,2026-06-04,false,false
0,❤️ URL Shared ❤️,https://shortenurls.eu/share/118429,https://floresfencecompany.com/,floresfencecompany.com,3500,21,true,false,false,true,false,false,false,false,2026-03-30,2026-03-30,false,false
0,seo domain research,https://takes.homes/domain/domain/part/88098,https://floresfencecompany.com/,floresfencecompany.com,4252,3,true,false,false,true,false,false,false,false,2026-02-06,2026-05-16,false,false
0,seo domain research,https://takes.homes/domain/domain/part/88098/lan/es,https://floresfencecompany.com/,floresfencecompany.com,5041,3,true,false,false,true,false,false,false,false,2025-11-22,2026-02-25,false,false
0,seo domain research,https://takes.sbs/domain/domain/part/88098,https://floresfencecompany.com/,floresfencecompany.com,1972,3,true,false,false,true,false,false,false,false,2025-12-11,2026-05-30,false,false
0,seo domain research,https://takes.sbs/domain/domain/part/88098/quote.aspx?o=abs&stockid=13675%2C38407,https://floresfencecompany.com/,floresfencecompany.com,5041,3,true,false,false,true,false,false,false,false,2026-02-03,2026-02-03,false,false
0,Find Top Fence Pros in Orland Park - Powered by AI |,https://thebuildermarket.com/us/il/orland-park/fences/,http://floresfencecompany.com/,Website,19,116,true,false,false,true,false,false,false,false,2026-01-31,2026-01-31,false,false
0,Flores Fence,https://thelandscapeconnection.com/places/flores-fence/,https://www.floresfencecompany.com/,Website,9,24,true,false,false,true,false,false,false,false,2025-11-06,2026-05-10,false,false
0,Where to buy 🚀 aged domains and backlinks 🔥 from thirty.co.in| 4349-6402,https://thirty.co.in/page-4349afc64abf022e295f2d165bb0a169.html,http://floresfencecompany.com/,floresfencecompany.com,10159,12,false,false,false,true,false,false,false,false,2026-02-12,2026-02-12,false,false
0,Where to buy 🚀 aged domains and backlinks 🔥 | 5896-1582,https://tunca.org/5b896f1f582f6738778997fe4663b0a4-l/,https://floresfencecompany.com/,floresfencecompany.com,9002,12,false,false,false,true,false,false,false,false,2026-01-05,2026-06-02,false,false
0,Where to buy 🚀 aged domains and backlinks 🔥 from uaewebdirectory.info| 4349-6402,https://uaewebdirectory.info/page-4349afc64abf022e295f2d165bb0a169.html,http://floresfencecompany.com/,floresfencecompany.com,10158,12,false,false,false,true,false,false,false,false,2026-02-08,2026-02-08,false,false
0,"FLORES FENCE in Chicago, IL | Phone, Address & Fence Contractor Services",https://united-local.com/cities/chicago/fence-contractor/flores-fence,http://floresfencecompany.com/,http://floresfencecompany.com,2,82,false,false,false,true,false,false,false,false,2026-01-22,2026-05-04,false,false
0,Where to buy 🚀 aged domains and backlinks 🔥 | 5896-1582,https://wallpapers.pro/5b896f1f582f6738778997fe4663b0a4-l/,https://floresfencecompany.com/,floresfencecompany.com,9001,13,false,false,false,true,false,false,false,false,2026-01-12,2026-05-29,false,false
0,seo domain research,https://wants.cfd/domain/domain/part/88098,https://floresfencecompany.com/,floresfencecompany.com,1972,3,true,false,false,true,false,false,false,false,2025-12-14,2026-05-28,false,false
0,seo domain research,https://wants.cfd/domain/domain/part/88098/,https://floresfencecompany.com/,floresfencecompany.com,4252,3,true,false,false,true,false,false,false,false,2026-01-16,2026-05-19,false,false
0,Where to buy 🚀 aged domains and backlinks 🔥 from way2check.art| 4349-6402,https://way2check.art/page-4349afc64abf022e295f2d165bb0a169.html,http://floresfencecompany.com/,floresfencecompany.com,10159,12,false,false,false,true,false,false,false,false,2026-02-06,2026-02-22,false,false
0,Where to buy 🚀 aged domains and backlinks 🔥 from all-aged-domains | 4349-6402,https://way2check.cv/page-4349afc64abf022e295f2d165bb0a169.html,https://floresfencecompany.com/,floresfencecompany.com,10159,12,false,false,false,true,false,false,false,false,2026-01-22,2026-05-22,false,false
0,"In The Age Of Digital Transformation, Drive Your Website’s Success With Intelligent, Results-Oriented Content Marketing Strategies That Leverage The Latest Technologies To Accelerate Growth And Enhance Audience Engagement",https://web.businessvocal.com/08/DmknFnMTUa,https://floresfencecompany.com/,visit floresfencecompany.com for latest info,10000,0,true,false,false,true,false,false,false,false,2025-05-19,2026-03-31,false,true
0,"In The Age Of Digital Transformation, Drive Your Website’s Success With Intelligent, Results-Oriented Content Marketing Strategies That Leverage The Latest Technologies To Accelerate Growth And Enhance Audience Engagement",https://web.thecloudherald.com/08/DmknFnMTUa,https://floresfencecompany.com/,visit floresfencecompany.com for latest info,10000,0,true,false,false,true,false,false,false,false,2025-06-01,2026-06-02,false,false
0,Where to buy 🚀 aged domains and backlinks 🔥 | 5896-1582,https://websiterace.com/5b896f1f582f6738778997fe4663b0a4-l/,https://floresfencecompany.com/,floresfencecompany.com,9002,12,false,false,false,true,false,false,false,false,2026-02-13,2026-05-16,false,false
0,Where to buy 🚀 aged domains and backlinks 🔥 from websitescrawl.art| 4349-6402,https://websitescrawl.art/page-4349afc64abf022e295f2d165bb0a169.html,http://floresfencecompany.com/,floresfencecompany.com,10159,12,false,false,false,true,false,false,false,false,2026-02-14,2026-02-14,false,false
0,Where to buy 🚀 aged domains and backlinks 🔥 from webworthchecker.cv| 4349-6402,https://webworthchecker.cv/page-4349afc64abf022e295f2d165bb0a169.html,http://floresfencecompany.com/,floresfencecompany.com,10159,12,false,false,false,true,false,false,false,false,2026-02-10,2026-02-10,false,false
0,Flores Fence Inc. – Wheaton We Support Localbiz,https://wheaton.wesupportlocalbiz.com/dt_listing/flores-fence-inc/,http://floresfencecompany.com/,Click to Visit Website,3,7,false,false,false,true,false,false,false,false,2025-01-31,2026-05-31,false,false
0,Where to buy 🚀 aged domains and backlinks 🔥 | 5896-1582,https://wonvision.com/5b896f1f582f6738778997fe4663b0a4-l/,https://floresfencecompany.com/,floresfencecompany.com,9002,12,false,false,false,true,false,false,false,false,2026-01-12,2026-05-27,false,false
0,Addurl.in,https://www.addurl.in/domains/100974/3b4ad13a2b2de5696dce1d99b279af0f/,https://floresfencecompany.com/,floresfencecompany.com,1010,1012,true,false,false,true,false,false,false,false,2026-04-30,2026-04-30,false,false
0,Where to buy 🚀 aged domains and backlinks 🔥 | 5896-1582,https://www.alljobs.info/5b896f1f582f6738778997fe4663b0a4-l/,https://floresfencecompany.com/,floresfencecompany.com,9002,12,false,false,false,true,false,false,false,false,2026-02-27,2026-05-17,false,false
0,Where to buy 🚀 aged domains and backlinks 🔥 from www.allwebsitesdirectory.com | 4349-6402,https://www.allwebsitesdirectory.com/page-4349afc64abf022e295f2d165bb0a169.html,https://floresfencecompany.com/,floresfencecompany.com,10158,13,false,false,false,true,false,false,false,false,2026-04-24,2026-05-21,false,false
0,Where to buy 🚀 aged domains and backlinks 🔥 from all-aged-domains | 4349-6402,https://www.australianwebdirectory.shop/page-4349afc64abf022e295f2d165bb0a169.html,https://floresfencecompany.com/,floresfencecompany.com,10158,13,false,false,false,true,false,false,false,false,2026-02-21,2026-03-02,false,false
0,Where to buy 🚀 aged domains and backlinks 🔥 from www.bestwebstats.com | 4349-6402,https://www.bestwebstats.com/page-4349afc64abf022e295f2d165bb0a169.html,https://floresfencecompany.com/,floresfencecompany.com,10158,13,false,false,false,true,false,false,false,false,2026-03-05,2026-05-25,false,false
0,Where to buy 🚀 aged domains and backlinks 🔥 | 5896-1582,https://www.blacksonwhites.com/5b896f1f582f6738778997fe4663b0a4-l/,https://floresfencecompany.com/,floresfencecompany.com,9001,12,false,false,false,true,false,false,false,false,2026-01-06,2026-02-05,false,false
0,Where to buy 🚀 aged domains and backlinks 🔥 from www.booksreadr.org| 4349-6402,https://www.booksreadr.org/page-4349afc64abf022e295f2d165bb0a169.html,https://floresfencecompany.com/,floresfencecompany.com,10159,12,false,false,false,true,false,false,false,false,2026-03-13,2026-04-30,false,false
0,"Flores Fence | Chicago, Illinois | ContractorsNearMe.ai",https://www.contractorsnearme.ai/us/il/chicago/fence-company/flores-fence,https://www.floresfencecompany.com/,https://www.floresfencecompany.com/,6,255,true,false,false,true,false,false,false,false,2025-10-05,2026-02-01,false,false
0,Directory Link Service,https://www.directorylinkservice.com/domains/100974/c889194ffe14006d68b037aa5496809a/,https://floresfencecompany.com/,floresfencecompany.com,1006,13,true,false,false,true,false,false,false,false,2026-04-20,2026-05-26,false,false
0,Where to buy 🚀 aged domains and backlinks 🔥 from www.domain.com.lc | 4349-6402,https://www.domain.com.lc/page-4349afc64abf022e295f2d165bb0a169.html,https://floresfencecompany.com/,floresfencecompany.com,10158,13,false,false,false,true,false,false,false,false,2026-04-09,2026-05-24,false,false
0,Where to buy 🚀 aged domains and backlinks 🔥 from www.domainanalysis.org | 4349-6402,https://www.domainanalysis.org/page-4349afc64abf022e295f2d165bb0a169.html,https://floresfencecompany.com/,floresfencecompany.com,10158,13,false,false,false,true,false,false,false,false,2026-03-23,2026-05-08,false,false
0,Top Domains – Page 88098 – domains.com.bz,https://www.domains.com.bz/page/88098/,https://floresfencecompany.com/,floresfencecompany.com,1374,13,false,false,false,true,false,false,false,false,2026-05-19,2026-05-19,true,false
0,Where to buy 🚀 aged domains and backlinks 🔥 from www.domainsc.com | 4349-6402,https://www.domainsc.com/page-4349afc64abf022e295f2d165bb0a169.html,https://floresfencecompany.com/,floresfencecompany.com,10158,13,false,false,false,true,false,false,false,false,2026-03-31,2026-05-16,false,false
0,Where to buy 🚀 aged domains and backlinks 🔥 from www.egyptiandirectory.com | 4349-6402,https://www.egyptiandirectory.com/page-4349afc64abf022e295f2d165bb0a169.html,https://floresfencecompany.com/,floresfencecompany.com,10158,12,false,false,false,true,false,false,false,false,2026-01-21,2026-03-30,false,false
0,"Best Fence Companies in Chicago, IL – Compared (2026)",https://www.ergeon.com/compare/best-fence-companies-chicago/,https://www.floresfencecompany.com/,Flores Fence,27,54,true,false,false,true,false,false,false,false,2026-05-23,2026-05-29,true,false
0,Directory Pages Index,https://www.factmags.com/laoadaiseo/eseyesa-best-seo-service/,https://floresfencecompany.com/,https://floresfencecompany.com/,9000,0,true,false,false,true,false,false,false,false,2026-03-26,2026-05-21,false,false
0,"Top Fence Company in Chicago, IL - Best Fence Contractors in IL",https://www.fencecompanies.org/company/flores-fence-inc/,https://www.floresfencecompany.com/,Visit Flores Fence Inc. Website,3,9,false,false,false,true,false,false,false,false,2025-02-18,2026-01-06,false,true
0,Where to buy 🚀 aged domains and backlinks 🔥 | 5896-1582,https://www.getwebsiteworth.com/5b896f1f582f6738778997fe4663b0a4-l/,https://floresfencecompany.com/,floresfencecompany.com,9001,13,false,false,false,true,false,false,false,false,2026-03-10,2026-05-20,false,false
0,Where to buy 🚀 aged domains and backlinks 🔥 from www.globalecommerce.org | 4349-6402,https://www.globalecommerce.org/page-4349afc64abf022e295f2d165bb0a169.html,https://floresfencecompany.com/,floresfencecompany.com,10158,13,false,false,false,true,false,false,false,false,2026-01-18,2026-05-19,false,false
0,Where to buy 🚀 aged domains and backlinks 🔥 | 5896-1582,https://www.indexaward.com/5b896f1f582f6738778997fe4663b0a4-l/,https://floresfencecompany.com/,floresfencecompany.com,9002,12,false,false,false,true,false,false,false,false,2026-04-10,2026-05-26,false,false
0,Where to buy 🚀 aged domains and backlinks 🔥 from www.indians.cc | 4349-6402,https://www.indians.cc/page-4349afc64abf022e295f2d165bb0a169.html,https://floresfencecompany.com/,floresfencecompany.com,10159,12,false,false,false,true,false,false,false,false,2026-04-25,2026-05-27,false,false
0,Where to buy 🚀 aged domains and backlinks 🔥 from www.linksnatcher.com | 4349-6402,https://www.linksnatcher.com/page-4349afc64abf022e295f2d165bb0a169.html,https://floresfencecompany.com/,floresfencecompany.com,10158,12,false,false,false,true,false,false,false,false,2026-02-21,2026-05-24,false,false
0,Where to buy 🚀 aged domains and backlinks 🔥 from all-aged-domains | 4349-6402,https://www.musweb.org/page-4349afc64abf022e295f2d165bb0a169.html,https://floresfencecompany.com/,floresfencecompany.com,10158,12,false,false,false,true,false,false,false,false,2026-01-21,2026-02-21,false,false
0,Where to buy 🚀 aged domains and backlinks 🔥 | 5896-1582,https://www.optimisedwebsites.com/5b896f1f582f6738778997fe4663b0a4-l/,https://floresfencecompany.com/,floresfencecompany.com,9001,12,false,false,false,true,false,false,false,false,2026-01-06,2026-02-10,false,true
0,FLORES FENCE INC. - Fencing Contractors in Chicago & Houston | Residential & Commercial Fence Installations,https://www.outstandingfences.com/238/flores-fence,https://www.floresfencecompany.com/,Flores Fence,3,19,true,false,false,true,false,false,false,false,2025-03-15,2026-05-12,false,false
0,FLORES FENCE INC. - Fencing Contractors in Chicago & Houston | Residential & Commercial Fence Installations,https://www.outstandingfences.com/238/flores-fence,https://www.floresfencecompany.com/,Website,3,19,true,false,false,true,false,false,false,false,2025-03-15,2026-05-12,false,false
0,FLORES FENCE INC. - Fencing Contractors in Chicago & Houston | Residential & Commercial Fence Installations,https://www.outstandingfences.com/238/flores-fence,https://www.floresfencecompany.com/,floresfencecompany.com,3,19,true,false,false,true,false,false,false,false,2025-03-15,2026-05-12,false,false
0,Where to buy 🚀 aged domains and backlinks 🔥 | 5896-1582,https://www.pagesearch.net/5b896f1f582f6738778997fe4663b0a4-l/,https://floresfencecompany.com/,floresfencecompany.com,9002,12,false,false,false,true,false,false,false,false,2026-01-04,2026-05-30,false,false
0,Where to buy 🚀 aged domains and backlinks 🔥 from www.pudhe.com | 4349-6402,https://www.pudhe.com/page-4349afc64abf022e295f2d165bb0a169.html,https://floresfencecompany.com/,floresfencecompany.com,10158,13,false,false,false,true,false,false,false,false,2026-04-17,2026-06-05,false,false
0,Where to buy 🚀 aged domains and backlinks 🔥 from www.read.org.in| 4349-6402,https://www.read.org.in/page-4349afc64abf022e295f2d165bb0a169.html,https://floresfencecompany.com/,floresfencecompany.com,10159,12,false,false,false,true,false,false,false,false,2026-03-04,2026-05-07,false,false
0,Where to buy 🚀 aged domains and backlinks 🔥 | 5896-1582,https://www.runningwebsites.net/5b896f1f582f6738778997fe4663b0a4-l/,https://floresfencecompany.com/,floresfencecompany.com,9001,12,false,false,false,true,false,false,false,false,2025-12-28,2026-02-11,false,false
0,Where to buy 🚀 aged domains and backlinks 🔥 | 5896-1582,https://www.simplewebdirectory.com/5b896f1f582f6738778997fe4663b0a4-l/,https://floresfencecompany.com/,floresfencecompany.com,9001,12,false,false,false,true,false,false,false,false,2026-01-12,2026-02-09,false,true
0,Flore Fence Company Headquarters - StartUp Web Solutions,https://www.startupwebsolutions.com.au/f-headquarters/flore-fence-company-headquarters.html,https://www.floresfencecompany.com/contact,Contact Flores Fence Inc.,15,74,true,false,false,true,false,false,false,false,2025-10-13,2026-03-15,false,false
0,Flore Fence Company Headquarters - StartUp Web Solutions,https://www.startupwebsolutions.com.au/f-headquarters/flore-fence-company-headquarters.html,https://www.floresfencecompany.com/,Flores Fence Inc.,15,74,true,false,false,true,false,false,false,false,2026-03-15,2026-03-15,false,false
0,Flore Fence Company Headquarters - StartUp Web Solutions,https://www.startupwebsolutions.com.au/f-headquarters/flore-fence-company-headquarters.html,https://www.floresfencecompany.com/about,About Flores Fence Inc.,15,74,true,false,false,true,false,false,false,false,2025-10-13,2026-03-15,false,false
0,Flores Fence Co Headquarters - StartUp Web Solutions,https://www.startupwebsolutions.com.au/f-headquarters/flores-fence-co-headquarters.html,https://www.floresfencecompany.com/,Flores Fence Inc.,13,73,true,false,false,true,false,false,false,false,2026-03-24,2026-03-24,false,false
0,Flores Fence Headquarters - StartUp Web Solutions,https://www.startupwebsolutions.com.au/f-headquarters/flores-fence-headquarters.html,https://www.floresfencecompany.com/,Flores Fence Inc.,14,74,true,false,false,true,false,false,false,false,2025-07-22,2026-05-22,false,false
0,Flores Fencing Headquarters - StartUp Web Solutions,https://www.startupwebsolutions.com.au/f-headquarters/flores-fencing-headquarters.html,https://www.floresfencecompany.com/contact,Contact Flores Fence Inc.,13,74,true,false,false,true,false,false,false,false,2025-10-26,2026-03-26,false,false
0,Flores Fencing Headquarters - StartUp Web Solutions,https://www.startupwebsolutions.com.au/f-headquarters/flores-fencing-headquarters.html,https://www.floresfencecompany.com/,Flores Fence Inc.,13,74,true,false,false,true,false,false,false,false,2025-10-26,2026-03-26,false,false
0,Flores Fencing Headquarters - StartUp Web Solutions,https://www.startupwebsolutions.com.au/f-headquarters/flores-fencing-headquarters.html,https://www.floresfencecompany.com/about,About Flores Fence Inc.,13,74,true,false,false,true,false,false,false,false,2025-10-26,2026-03-26,false,false
0,Floss Fence Headquarters - StartUp Web Solutions,https://www.startupwebsolutions.com.au/f-headquarters/floss-fence-headquarters.html,https://www.floresfencecompany.com/contact,Contact Flores Fence Inc.,15,73,true,false,false,true,false,false,false,false,2026-01-24,2026-01-24,false,false
0,Floss Fence Headquarters - StartUp Web Solutions,https://www.startupwebsolutions.com.au/f-headquarters/floss-fence-headquarters.html,https://www.floresfencecompany.com/,Flores Fence Inc.,15,73,true,false,false,true,false,false,false,false,2025-03-27,2026-01-24,false,false
0,"Best 28 Fence Repair in Cicero, IL | superpages.com",https://www.superpages.com/cicero-il/fence-repair,https://www.floresfencecompany.com/,Visit Website,33,121,true,false,false,true,false,false,false,false,2026-03-07,2026-03-07,false,false
0,Where to buy 🚀 aged domains and backlinks 🔥 | 5896-1582,https://www.tunca.org/5b896f1f582f6738778997fe4663b0a4-l/,https://floresfencecompany.com/,floresfencecompany.com,9002,12,false,false,false,true,false,false,false,false,2025-12-30,2026-06-02,false,false
0,"Flores Fence Co in San Jacinto, CA 92582 - Fence Installation",https://www.usafenceinstallationpros.com/business/flores-fence-co-ca-2307340/,http://floresfencecompany.com/,http://floresfencecompany.com,1,6,false,false,false,true,false,false,false,false,2025-06-26,2026-06-01,false,false
0,Where to buy 🚀 aged domains and backlinks 🔥 | 5896-1582,https://www.wallpapers.pro/5b896f1f582f6738778997fe4663b0a4-l/,https://floresfencecompany.com/,floresfencecompany.com,9001,13,false,false,false,true,false,false,false,false,2026-02-10,2026-05-10,false,false
0,seo domain research,https://www.wants.cfd/domain/domain/part/88098,https://floresfencecompany.com/,floresfencecompany.com,4252,3,true,false,false,true,false,false,false,false,2026-05-01,2026-05-20,false,false
0,Where to buy 🚀 aged domains and backlinks 🔥 from all-aged-domains | 4349-6402,https://www.way2check.cv/page-4349afc64abf022e295f2d165bb0a169.html,https://floresfencecompany.com/,floresfencecompany.com,10159,12,false,false,false,true,false,false,false,false,2026-04-01,2026-05-27,false,false
0,Where to buy 🚀 aged domains and backlinks 🔥 | 5896-1582,https://www.webservices.co.in/5b896f1f582f6738778997fe4663b0a4-l/,https://floresfencecompany.com/,floresfencecompany.com,9001,12,false,false,false,true,false,false,false,false,2026-01-05,2026-01-24,false,true
0,Where to buy 🚀 aged domains and backlinks 🔥 | 5896-1582,https://www.websiterace.com/5b896f1f582f6738778997fe4663b0a4-l/,https://floresfencecompany.com/,floresfencecompany.com,9002,12,false,false,false,true,false,false,false,false,2026-01-28,2026-06-02,false,false
0,Flores Fence Co Headquarters - Willetton Uniforms,https://www.willettonuniforms.com.au/f-headquarters/flores-fence-co-headquarters.html,https://www.floresfencecompany.com/contact,Contact Flores Fence Inc.,10,92,true,false,false,true,false,false,false,false,2025-12-28,2026-05-22,false,false
0,Flores Fence Co Headquarters - Willetton Uniforms,https://www.willettonuniforms.com.au/f-headquarters/flores-fence-co-headquarters.html,https://www.floresfencecompany.com/about,About Flores Fence Inc.,10,92,true,false,false,true,false,false,false,false,2025-12-28,2026-05-22,false,false
0,Flores Fence Co Headquarters - Willetton Uniforms,https://www.willettonuniforms.com.au/f-headquarters/flores-fence-co-headquarters.html,https://www.floresfencecompany.com/,Flores Fence Inc.,10,92,true,false,false,true,false,false,false,false,2025-12-28,2026-05-22,false,false
0,Flores Fencing Headquarters - Willetton Uniforms,https://www.willettonuniforms.com.au/f-headquarters/flores-fencing-headquarters.html,https://www.floresfencecompany.com/,Flores Fence Inc.,10,93,true,false,false,true,false,false,false,false,2025-12-23,2026-05-20,false,false
0,Flores Fencing Headquarters - Willetton Uniforms,https://www.willettonuniforms.com.au/f-headquarters/flores-fencing-headquarters.html,https://www.floresfencecompany.com/contact,Contact Flores Fence Inc.,10,93,true,false,false,true,false,false,false,false,2025-12-23,2026-05-20,false,false
0,Where to buy 🚀 aged domains and backlinks 🔥 | 5896-1582,https://www.wonvision.com/5b896f1f582f6738778997fe4663b0a4-l/,https://floresfencecompany.com/,floresfencecompany.com,9002,12,false,false,false,true,false,false,false,false,2026-01-04,2026-05-23,false,false
0,Where to buy 🚀 aged domains and backlinks 🔥 | 5896-1582,https://www.ycm.info/5b896f1f582f6738778997fe4663b0a4-l/,https://floresfencecompany.com/,floresfencecompany.com,9002,12,false,false,false,true,false,false,false,false,2026-02-05,2026-05-08,false,false
0,Where to buy 🚀 aged domains and backlinks 🔥 | 5896-1582,https://ycm.info/5b896f1f582f6738778997fe4663b0a4-l/,https://floresfencecompany.com/,floresfencecompany.com,9002,12,false,false,false,true,false,false,false,false,2026-02-05,2026-05-15,false,false
0,Where to buy 🚀 aged domains and backlinks 🔥 from yesdomains.space| 4349-6402,https://yesdomains.space/page-4349afc64abf022e295f2d165bb0a169.html,http://floresfencecompany.com/,floresfencecompany.com,10159,12,false,false,false,true,false,false,false,false,2026-02-07,2026-02-15,false,false
